[    3020ms] [INFO] %cDownload the React DevTools for a better development experience: https://react.dev/link/react-devtools font-weight:bold @ webpack-internal:///(app-pages-browser)/./node_modules/next/dist/compiled/react-dom/cjs/react-dom-client.development.js:24650
[    3600ms] [LOG] [Fast Refresh] rebuilding @ webpack-internal:///(app-pages-browser)/./node_modules/next/dist/client/components/react-dev-overlay/app/hot-reloader-client.js:240
[    3708ms] [LOG] [Fast Refresh] done in 108ms @ webpack-internal:///(app-pages-browser)/./node_modules/next/dist/client/components/react-dev-overlay/app/hot-reloader-client.js:67
[    3716ms] [LOG] [Fast Refresh] done in 117ms @ webpack-internal:///(app-pages-browser)/./node_modules/next/dist/client/components/react-dev-overlay/app/hot-reloader-client.js:67
[    3755ms] [LOG] [Fast Refresh] rebuilding @ webpack-internal:///(app-pages-browser)/./node_modules/next/dist/client/components/react-dev-overlay/app/hot-reloader-client.js:240
[    3834ms] [LOG] [Fast Refresh] done in 79ms @ webpack-internal:///(app-pages-browser)/./node_modules/next/dist/client/components/react-dev-overlay/app/hot-reloader-client.js:67
[    3918ms] [LOG] [Fast Refresh] rebuilding @ webpack-internal:///(app-pages-browser)/./node_modules/next/dist/client/components/react-dev-overlay/app/hot-reloader-client.js:240
[    4010ms] [LOG] [Fast Refresh] done in 92ms @ webpack-internal:///(app-pages-browser)/./node_modules/next/dist/client/components/react-dev-overlay/app/hot-reloader-client.js:67
[    7173ms] [WARNING] The resource http://localhost:3001/_next/image?url=%2Fagentcore-logo.png&w=3840&q=75 was preloaded using link preload but not used within a few seconds from the window's load event. Please make sure it has an appropriate `as` value and it is preloaded intentionally. @ http://localhost:3001/:0
[   14216ms] [WARNING] The resource http://localhost:3001/_next/image?url=%2Fagentcore-logo.png&w=3840&q=75 was preloaded using link preload but not used within a few seconds from the window's load event. Please make sure it has an appropriate `as` value and it is preloaded intentionally. @ http://localhost:3001/:0
[   22217ms] [WARNING] The resource http://localhost:3001/_next/image?url=%2Fagentcore-logo.png&w=3840&q=75 was preloaded using link preload but not used within a few seconds from the window's load event. Please make sure it has an appropriate `as` value and it is preloaded intentionally. @ http://localhost:3001/:0
[   30212ms] [WARNING] The resource http://localhost:3001/_next/image?url=%2Fagentcore-logo.png&w=3840&q=75 was preloaded using link preload but not used within a few seconds from the window's load event. Please make sure it has an appropriate `as` value and it is preloaded intentionally. @ http://localhost:3001/:0
[   38208ms] [WARNING] The resource http://localhost:3001/_next/image?url=%2Fagentcore-logo.png&w=3840&q=75 was preloaded using link preload but not used within a few seconds from the window's load event. Please make sure it has an appropriate `as` value and it is preloaded intentionally. @ http://localhost:3001/:0
[   46204ms] [WARNING] The resource http://localhost:3001/_next/image?url=%2Fagentcore-logo.png&w=3840&q=75 was preloaded using link preload but not used within a few seconds from the window's load event. Please make sure it has an appropriate `as` value and it is preloaded intentionally. @ http://localhost:3001/:0
[   54206ms] [WARNING] The resource http://localhost:3001/_next/image?url=%2Fagentcore-logo.png&w=3840&q=75 was preloaded using link preload but not used within a few seconds from the window's load event. Please make sure it has an appropriate `as` value and it is preloaded intentionally. @ http://localhost:3001/:0
[   55830ms] [LOG] [Fast Refresh] rebuilding @ webpack-internal:///(app-pages-browser)/./node_modules/next/dist/client/components/react-dev-overlay/app/hot-reloader-client.js:240
[   56168ms] [LOG] [Fast Refresh] rebuilding @ webpack-internal:///(app-pages-browser)/./node_modules/next/dist/client/components/react-dev-overlay/app/hot-reloader-client.js:240
[   56293ms] [LOG] [Fast Refresh] done in 125ms @ webpack-internal:///(app-pages-browser)/./node_modules/next/dist/client/components/react-dev-overlay/app/hot-reloader-client.js:67
[   56576ms] [LOG] [Fast Refresh] rebuilding @ webpack-internal:///(app-pages-browser)/./node_modules/next/dist/client/components/react-dev-overlay/app/hot-reloader-client.js:240
[   56677ms] [LOG] [Fast Refresh] done in 101ms @ webpack-internal:///(app-pages-browser)/./node_modules/next/dist/client/components/react-dev-overlay/app/hot-reloader-client.js:67
[   56713ms] [LOG] [Fast Refresh] rebuilding @ webpack-internal:///(app-pages-browser)/./node_modules/next/dist/client/components/react-dev-overlay/app/hot-reloader-client.js:240
[   56813ms] [LOG] [Fast Refresh] done in 100ms @ webpack-internal:///(app-pages-browser)/./node_modules/next/dist/client/components/react-dev-overlay/app/hot-reloader-client.js:67
[   57004ms] [LOG] [Fast Refresh] done in 291ms @ webpack-internal:///(app-pages-browser)/./node_modules/next/dist/client/components/react-dev-overlay/app/hot-reloader-client.js:67
[   57013ms] [LOG] [Fast Refresh] done in 300ms @ webpack-internal:///(app-pages-browser)/./node_modules/next/dist/client/components/react-dev-overlay/app/hot-reloader-client.js:67
[   57021ms] [LOG] [Fast Refresh] done in 308ms @ webpack-internal:///(app-pages-browser)/./node_modules/next/dist/client/components/react-dev-overlay/app/hot-reloader-client.js:67
[   57033ms] [LOG] [Fast Refresh] done in 320ms @ webpack-internal:///(app-pages-browser)/./node_modules/next/dist/client/components/react-dev-overlay/app/hot-reloader-client.js:67
[   62220ms] [WARNING] The resource http://localhost:3001/_next/image?url=%2Fagentcore-logo.png&w=3840&q=75 was preloaded using link preload but not used within a few seconds from the window's load event. Please make sure it has an appropriate `as` value and it is preloaded intentionally. @ http://localhost:3001/:0
[   70207ms] [WARNING] The resource http://localhost:3001/_next/image?url=%2Fagentcore-logo.png&w=3840&q=75 was preloaded using link preload but not used within a few seconds from the window's load event. Please make sure it has an appropriate `as` value and it is preloaded intentionally. @ http://localhost:3001/:0
[   78212ms] [WARNING] The resource http://localhost:3001/_next/image?url=%2Fagentcore-logo.png&w=3840&q=75 was preloaded using link preload but not used within a few seconds from the window's load event. Please make sure it has an appropriate `as` value and it is preloaded intentionally. @ http://localhost:3001/:0
[   86214ms] [WARNING] The resource http://localhost:3001/_next/image?url=%2Fagentcore-logo.png&w=3840&q=75 was preloaded using link preload but not used within a few seconds from the window's load event. Please make sure it has an appropriate `as` value and it is preloaded intentionally. @ http://localhost:3001/:0
[   94198ms] [WARNING] The resource http://localhost:3001/_next/image?url=%2Fagentcore-logo.png&w=3840&q=75 was preloaded using link preload but not used within a few seconds from the window's load event. Please make sure it has an appropriate `as` value and it is preloaded intentionally. @ http://localhost:3001/:0
[  102209ms] [WARNING] The resource http://localhost:3001/_next/image?url=%2Fagentcore-logo.png&w=3840&q=75 was preloaded using link preload but not used within a few seconds from the window's load event. Please make sure it has an appropriate `as` value and it is preloaded intentionally. @ http://localhost:3001/:0
[  102292ms] [LOG] [Fast Refresh] rebuilding @ webpack-internal:///(app-pages-browser)/./node_modules/next/dist/client/components/react-dev-overlay/app/hot-reloader-client.js:240
[  102419ms] [LOG] [Fast Refresh] done in 128ms @ webpack-internal:///(app-pages-browser)/./node_modules/next/dist/client/components/react-dev-overlay/app/hot-reloader-client.js:67
[  105651ms] [WARNING] The resource http://localhost:3001/_next/image?url=%2Fagentcore-logo.png&w=3840&q=75 was preloaded using link preload but not used within a few seconds from the window's load event. Please make sure it has an appropriate `as` value and it is preloaded intentionally. @ http://localhost:3001/:0
[  110231ms] [WARNING] The resource http://localhost:3001/_next/image?url=%2Fagentcore-logo.png&w=3840&q=75 was preloaded using link preload but not used within a few seconds from the window's load event. Please make sure it has an appropriate `as` value and it is preloaded intentionally. @ http://localhost:3001/:0
[  118215ms] [WARNING] The resource http://localhost:3001/_next/image?url=%2Fagentcore-logo.png&w=3840&q=75 was preloaded using link preload but not used within a few seconds from the window's load event. Please make sure it has an appropriate `as` value and it is preloaded intentionally. @ http://localhost:3001/:0
[  126215ms] [WARNING] The resource http://localhost:3001/_next/image?url=%2Fagentcore-logo.png&w=3840&q=75 was preloaded using link preload but not used within a few seconds from the window's load event. Please make sure it has an appropriate `as` value and it is preloaded intentionally. @ http://localhost:3001/:0
[  134209ms] [WARNING] The resource http://localhost:3001/_next/image?url=%2Fagentcore-logo.png&w=3840&q=75 was preloaded using link preload but not used within a few seconds from the window's load event. Please make sure it has an appropriate `as` value and it is preloaded intentionally. @ http://localhost:3001/:0
[  142217ms] [WARNING] The resource http://localhost:3001/_next/image?url=%2Fagentcore-logo.png&w=3840&q=75 was preloaded using link preload but not used within a few seconds from the window's load event. Please make sure it has an appropriate `as` value and it is preloaded intentionally. @ http://localhost:3001/:0
[  150208ms] [WARNING] The resource http://localhost:3001/_next/image?url=%2Fagentcore-logo.png&w=3840&q=75 was preloaded using link preload but not used within a few seconds from the window's load event. Please make sure it has an appropriate `as` value and it is preloaded intentionally. @ http://localhost:3001/:0
[  158199ms] [WARNING] The resource http://localhost:3001/_next/image?url=%2Fagentcore-logo.png&w=3840&q=75 was preloaded using link preload but not used within a few seconds from the window's load event. Please make sure it has an appropriate `as` value and it is preloaded intentionally. @ http://localhost:3001/:0
[  163192ms] [ERROR] Failed to load resource: net::ERR_CONNECTION_REFUSED @ http://localhost:3001/api/publish/queue/run:0
[  163193ms] [ERROR] Failed to load resource: net::ERR_CONNECTION_REFUSED @ http://localhost:3001/api/publish/jobs:0
[  166194ms] [WARNING] The resource http://localhost:3001/_next/image?url=%2Fagentcore-logo.png&w=3840&q=75 was preloaded using link preload but not used within a few seconds from the window's load event. Please make sure it has an appropriate `as` value and it is preloaded intentionally. @ http://localhost:3001/:0
[  171189ms] [ERROR] Failed to load resource: net::ERR_CONNECTION_REFUSED @ http://localhost:3001/api/publish/queue/run:0
[  171190ms] [ERROR] Failed to load resource: net::ERR_CONNECTION_REFUSED @ http://localhost:3001/api/publish/jobs:0
[  174192ms] [WARNING] The resource http://localhost:3001/_next/image?url=%2Fagentcore-logo.png&w=3840&q=75 was preloaded using link preload but not used within a few seconds from the window's load event. Please make sure it has an appropriate `as` value and it is preloaded intentionally. @ http://localhost:3001/:0
[  179190ms] [ERROR] Failed to load resource: net::ERR_CONNECTION_REFUSED @ http://localhost:3001/api/publish/queue/run:0
[  179192ms] [ERROR] Failed to load resource: net::ERR_CONNECTION_REFUSED @ http://localhost:3001/api/publish/jobs:0
[  182193ms] [WARNING] The resource http://localhost:3001/_next/image?url=%2Fagentcore-logo.png&w=3840&q=75 was preloaded using link preload but not used within a few seconds from the window's load event. Please make sure it has an appropriate `as` value and it is preloaded intentionally. @ http://localhost:3001/:0
[  187190ms] [ERROR] Failed to load resource: net::ERR_CONNECTION_REFUSED @ http://localhost:3001/api/publish/queue/run:0
[  187191ms] [ERROR] Failed to load resource: net::ERR_CONNECTION_REFUSED @ http://localhost:3001/api/publish/jobs:0
[  190192ms] [WARNING] The resource http://localhost:3001/_next/image?url=%2Fagentcore-logo.png&w=3840&q=75 was preloaded using link preload but not used within a few seconds from the window's load event. Please make sure it has an appropriate `as` value and it is preloaded intentionally. @ http://localhost:3001/:0
[  195188ms] [ERROR] Failed to load resource: net::ERR_CONNECTION_REFUSED @ http://localhost:3001/api/publish/queue/run:0
[  195189ms] [ERROR] Failed to load resource: net::ERR_CONNECTION_REFUSED @ http://localhost:3001/api/publish/jobs:0
[  198190ms] [WARNING] The resource http://localhost:3001/_next/image?url=%2Fagentcore-logo.png&w=3840&q=75 was preloaded using link preload but not used within a few seconds from the window's load event. Please make sure it has an appropriate `as` value and it is preloaded intentionally. @ http://localhost:3001/:0
[  203189ms] [ERROR] Failed to load resource: net::ERR_CONNECTION_REFUSED @ http://localhost:3001/api/publish/queue/run:0
[  203191ms] [ERROR] Failed to load resource: net::ERR_CONNECTION_REFUSED @ http://localhost:3001/api/publish/jobs:0
[  206192ms] [WARNING] The resource http://localhost:3001/_next/image?url=%2Fagentcore-logo.png&w=3840&q=75 was preloaded using link preload but not used within a few seconds from the window's load event. Please make sure it has an appropriate `as` value and it is preloaded intentionally. @ http://localhost:3001/:0
[  211191ms] [ERROR] Failed to load resource: net::ERR_CONNECTION_REFUSED @ http://localhost:3001/api/publish/queue/run:0
[  211192ms] [ERROR] Failed to load resource: net::ERR_CONNECTION_REFUSED @ http://localhost:3001/api/publish/jobs:0
[  214193ms] [WARNING] The resource http://localhost:3001/_next/image?url=%2Fagentcore-logo.png&w=3840&q=75 was preloaded using link preload but not used within a few seconds from the window's load event. Please make sure it has an appropriate `as` value and it is preloaded intentionally. @ http://localhost:3001/:0
[  219190ms] [ERROR] Failed to load resource: net::ERR_CONNECTION_REFUSED @ http://localhost:3001/api/publish/queue/run:0
[  219192ms] [ERROR] Failed to load resource: net::ERR_CONNECTION_REFUSED @ http://localhost:3001/api/publish/jobs:0
[  222192ms] [WARNING] The resource http://localhost:3001/_next/image?url=%2Fagentcore-logo.png&w=3840&q=75 was preloaded using link preload but not used within a few seconds from the window's load event. Please make sure it has an appropriate `as` value and it is preloaded intentionally. @ http://localhost:3001/:0
[  227190ms] [ERROR] Failed to load resource: net::ERR_CONNECTION_REFUSED @ http://localhost:3001/api/publish/queue/run:0
[  227191ms] [ERROR] Failed to load resource: net::ERR_CONNECTION_REFUSED @ http://localhost:3001/api/publish/jobs:0
[  230191ms] [WARNING] The resource http://localhost:3001/_next/image?url=%2Fagentcore-logo.png&w=3840&q=75 was preloaded using link preload but not used within a few seconds from the window's load event. Please make sure it has an appropriate `as` value and it is preloaded intentionally. @ http://localhost:3001/:0
[  235190ms] [ERROR] Failed to load resource: net::ERR_CONNECTION_REFUSED @ http://localhost:3001/api/publish/queue/run:0
[  235191ms] [ERROR] Failed to load resource: net::ERR_CONNECTION_REFUSED @ http://localhost:3001/api/publish/jobs:0
[  238192ms] [WARNING] The resource http://localhost:3001/_next/image?url=%2Fagentcore-logo.png&w=3840&q=75 was preloaded using link preload but not used within a few seconds from the window's load event. Please make sure it has an appropriate `as` value and it is preloaded intentionally. @ http://localhost:3001/:0
[  243190ms] [ERROR] Failed to load resource: net::ERR_CONNECTION_REFUSED @ http://localhost:3001/api/publish/queue/run:0
[  243192ms] [ERROR] Failed to load resource: net::ERR_CONNECTION_REFUSED @ http://localhost:3001/api/publish/jobs:0
[  246192ms] [WARNING] The resource http://localhost:3001/_next/image?url=%2Fagentcore-logo.png&w=3840&q=75 was preloaded using link preload but not used within a few seconds from the window's load event. Please make sure it has an appropriate `as` value and it is preloaded intentionally. @ http://localhost:3001/:0
[  251189ms] [ERROR] Failed to load resource: net::ERR_CONNECTION_REFUSED @ http://localhost:3001/api/publish/queue/run:0
[  251190ms] [ERROR] Failed to load resource: net::ERR_CONNECTION_REFUSED @ http://localhost:3001/api/publish/jobs:0
[  254191ms] [WARNING] The resource http://localhost:3001/_next/image?url=%2Fagentcore-logo.png&w=3840&q=75 was preloaded using link preload but not used within a few seconds from the window's load event. Please make sure it has an appropriate `as` value and it is preloaded intentionally. @ http://localhost:3001/:0
[  259189ms] [ERROR] Failed to load resource: net::ERR_CONNECTION_REFUSED @ http://localhost:3001/api/publish/queue/run:0
[  259190ms] [ERROR] Failed to load resource: net::ERR_CONNECTION_REFUSED @ http://localhost:3001/api/publish/jobs:0
[  262191ms] [WARNING] The resource http://localhost:3001/_next/image?url=%2Fagentcore-logo.png&w=3840&q=75 was preloaded using link preload but not used within a few seconds from the window's load event. Please make sure it has an appropriate `as` value and it is preloaded intentionally. @ http://localhost:3001/:0
[  267190ms] [ERROR] Failed to load resource: net::ERR_CONNECTION_REFUSED @ http://localhost:3001/api/publish/queue/run:0
[  267191ms] [ERROR] Failed to load resource: net::ERR_CONNECTION_REFUSED @ http://localhost:3001/api/publish/jobs:0
[  270193ms] [WARNING] The resource http://localhost:3001/_next/image?url=%2Fagentcore-logo.png&w=3840&q=75 was preloaded using link preload but not used within a few seconds from the window's load event. Please make sure it has an appropriate `as` value and it is preloaded intentionally. @ http://localhost:3001/:0
[  275190ms] [ERROR] Failed to load resource: net::ERR_CONNECTION_REFUSED @ http://localhost:3001/api/publish/queue/run:0
[  275192ms] [ERROR] Failed to load resource: net::ERR_CONNECTION_REFUSED @ http://localhost:3001/api/publish/jobs:0
[  278193ms] [WARNING] The resource http://localhost:3001/_next/image?url=%2Fagentcore-logo.png&w=3840&q=75 was preloaded using link preload but not used within a few seconds from the window's load event. Please make sure it has an appropriate `as` value and it is preloaded intentionally. @ http://localhost:3001/:0
[  283190ms] [ERROR] Failed to load resource: net::ERR_CONNECTION_REFUSED @ http://localhost:3001/api/publish/queue/run:0
[  283192ms] [ERROR] Failed to load resource: net::ERR_CONNECTION_REFUSED @ http://localhost:3001/api/publish/jobs:0
[  286192ms] [WARNING] The resource http://localhost:3001/_next/image?url=%2Fagentcore-logo.png&w=3840&q=75 was preloaded using link preload but not used within a few seconds from the window's load event. Please make sure it has an appropriate `as` value and it is preloaded intentionally. @ http://localhost:3001/:0
[  291189ms] [ERROR] Failed to load resource: net::ERR_CONNECTION_REFUSED @ http://localhost:3001/api/publish/queue/run:0
[  291191ms] [ERROR] Failed to load resource: net::ERR_CONNECTION_REFUSED @ http://localhost:3001/api/publish/jobs:0
[  294192ms] [WARNING] The resource http://localhost:3001/_next/image?url=%2Fagentcore-logo.png&w=3840&q=75 was preloaded using link preload but not used within a few seconds from the window's load event. Please make sure it has an appropriate `as` value and it is preloaded intentionally. @ http://localhost:3001/:0
[  299189ms] [ERROR] Failed to load resource: net::ERR_CONNECTION_REFUSED @ http://localhost:3001/api/publish/queue/run:0
[  299189ms] [ERROR] Failed to load resource: net::ERR_CONNECTION_REFUSED @ http://localhost:3001/api/publish/jobs:0
[  302190ms] [WARNING] The resource http://localhost:3001/_next/image?url=%2Fagentcore-logo.png&w=3840&q=75 was preloaded using link preload but not used within a few seconds from the window's load event. Please make sure it has an appropriate `as` value and it is preloaded intentionally. @ http://localhost:3001/:0
[  307189ms] [ERROR] Failed to load resource: net::ERR_CONNECTION_REFUSED @ http://localhost:3001/api/publish/queue/run:0
[  307191ms] [ERROR] Failed to load resource: net::ERR_CONNECTION_REFUSED @ http://localhost:3001/api/publish/jobs:0
[  310191ms] [WARNING] The resource http://localhost:3001/_next/image?url=%2Fagentcore-logo.png&w=3840&q=75 was preloaded using link preload but not used within a few seconds from the window's load event. Please make sure it has an appropriate `as` value and it is preloaded intentionally. @ http://localhost:3001/:0
[  315189ms] [ERROR] Failed to load resource: net::ERR_CONNECTION_REFUSED @ http://localhost:3001/api/publish/queue/run:0
[  315190ms] [ERROR] Failed to load resource: net::ERR_CONNECTION_REFUSED @ http://localhost:3001/api/publish/jobs:0
[  318191ms] [WARNING] The resource http://localhost:3001/_next/image?url=%2Fagentcore-logo.png&w=3840&q=75 was preloaded using link preload but not used within a few seconds from the window's load event. Please make sure it has an appropriate `as` value and it is preloaded intentionally. @ http://localhost:3001/:0
[  323190ms] [ERROR] Failed to load resource: net::ERR_CONNECTION_REFUSED @ http://localhost:3001/api/publish/queue/run:0
[  323191ms] [ERROR] Failed to load resource: net::ERR_CONNECTION_REFUSED @ http://localhost:3001/api/publish/jobs:0
[  326192ms] [WARNING] The resource http://localhost:3001/_next/image?url=%2Fagentcore-logo.png&w=3840&q=75 was preloaded using link preload but not used within a few seconds from the window's load event. Please make sure it has an appropriate `as` value and it is preloaded intentionally. @ http://localhost:3001/:0
[  331189ms] [ERROR] Failed to load resource: net::ERR_CONNECTION_REFUSED @ http://localhost:3001/api/publish/queue/run:0
[  331190ms] [ERROR] Failed to load resource: net::ERR_CONNECTION_REFUSED @ http://localhost:3001/api/publish/jobs:0
[  334192ms] [WARNING] The resource http://localhost:3001/_next/image?url=%2Fagentcore-logo.png&w=3840&q=75 was preloaded using link preload but not used within a few seconds from the window's load event. Please make sure it has an appropriate `as` value and it is preloaded intentionally. @ http://localhost:3001/:0
[  339188ms] [ERROR] Failed to load resource: net::ERR_CONNECTION_REFUSED @ http://localhost:3001/api/publish/queue/run:0
[  339188ms] [ERROR] Failed to load resource: net::ERR_CONNECTION_REFUSED @ http://localhost:3001/api/publish/jobs:0
[  342189ms] [WARNING] The resource http://localhost:3001/_next/image?url=%2Fagentcore-logo.png&w=3840&q=75 was preloaded using link preload but not used within a few seconds from the window's load event. Please make sure it has an appropriate `as` value and it is preloaded intentionally. @ http://localhost:3001/:0
[  347188ms] [ERROR] Failed to load resource: net::ERR_CONNECTION_REFUSED @ http://localhost:3001/api/publish/queue/run:0
[  347188ms] [ERROR] Failed to load resource: net::ERR_CONNECTION_REFUSED @ http://localhost:3001/api/publish/jobs:0
[  350189ms] [WARNING] The resource http://localhost:3001/_next/image?url=%2Fagentcore-logo.png&w=3840&q=75 was preloaded using link preload but not used within a few seconds from the window's load event. Please make sure it has an appropriate `as` value and it is preloaded intentionally. @ http://localhost:3001/:0
[  355189ms] [ERROR] Failed to load resource: net::ERR_CONNECTION_REFUSED @ http://localhost:3001/api/publish/queue/run:0
[  355190ms] [ERROR] Failed to load resource: net::ERR_CONNECTION_REFUSED @ http://localhost:3001/api/publish/jobs:0
[  358191ms] [WARNING] The resource http://localhost:3001/_next/image?url=%2Fagentcore-logo.png&w=3840&q=75 was preloaded using link preload but not used within a few seconds from the window's load event. Please make sure it has an appropriate `as` value and it is preloaded intentionally. @ http://localhost:3001/:0
[  363190ms] [ERROR] Failed to load resource: net::ERR_CONNECTION_REFUSED @ http://localhost:3001/api/publish/queue/run:0
[  363192ms] [ERROR] Failed to load resource: net::ERR_CONNECTION_REFUSED @ http://localhost:3001/api/publish/jobs:0
[  366193ms] [WARNING] The resource http://localhost:3001/_next/image?url=%2Fagentcore-logo.png&w=3840&q=75 was preloaded using link preload but not used within a few seconds from the window's load event. Please make sure it has an appropriate `as` value and it is preloaded intentionally. @ http://localhost:3001/:0
[  371190ms] [ERROR] Failed to load resource: net::ERR_CONNECTION_REFUSED @ http://localhost:3001/api/publish/queue/run:0
[  371192ms] [ERROR] Failed to load resource: net::ERR_CONNECTION_REFUSED @ http://localhost:3001/api/publish/jobs:0
[  374193ms] [WARNING] The resource http://localhost:3001/_next/image?url=%2Fagentcore-logo.png&w=3840&q=75 was preloaded using link preload but not used within a few seconds from the window's load event. Please make sure it has an appropriate `as` value and it is preloaded intentionally. @ http://localhost:3001/:0
[  379189ms] [ERROR] Failed to load resource: net::ERR_CONNECTION_REFUSED @ http://localhost:3001/api/publish/queue/run:0
[  379191ms] [ERROR] Failed to load resource: net::ERR_CONNECTION_REFUSED @ http://localhost:3001/api/publish/jobs:0
[  382192ms] [WARNING] The resource http://localhost:3001/_next/image?url=%2Fagentcore-logo.png&w=3840&q=75 was preloaded using link preload but not used within a few seconds from the window's load event. Please make sure it has an appropriate `as` value and it is preloaded intentionally. @ http://localhost:3001/:0
[  387190ms] [ERROR] Failed to load resource: net::ERR_CONNECTION_REFUSED @ http://localhost:3001/api/publish/queue/run:0
[  387191ms] [ERROR] Failed to load resource: net::ERR_CONNECTION_REFUSED @ http://localhost:3001/api/publish/jobs:0
[  390192ms] [WARNING] The resource http://localhost:3001/_next/image?url=%2Fagentcore-logo.png&w=3840&q=75 was preloaded using link preload but not used within a few seconds from the window's load event. Please make sure it has an appropriate `as` value and it is preloaded intentionally. @ http://localhost:3001/:0
[  395190ms] [ERROR] Failed to load resource: net::ERR_CONNECTION_REFUSED @ http://localhost:3001/api/publish/queue/run:0
[  395192ms] [ERROR] Failed to load resource: net::ERR_CONNECTION_REFUSED @ http://localhost:3001/api/publish/jobs:0
[  398193ms] [WARNING] The resource http://localhost:3001/_next/image?url=%2Fagentcore-logo.png&w=3840&q=75 was preloaded using link preload but not used within a few seconds from the window's load event. Please make sure it has an appropriate `as` value and it is preloaded intentionally. @ http://localhost:3001/:0
[  403189ms] [ERROR] Failed to load resource: net::ERR_CONNECTION_REFUSED @ http://localhost:3001/api/publish/queue/run:0
[  403191ms] [ERROR] Failed to load resource: net::ERR_CONNECTION_REFUSED @ http://localhost:3001/api/publish/jobs:0
[  406192ms] [WARNING] The resource http://localhost:3001/_next/image?url=%2Fagentcore-logo.png&w=3840&q=75 was preloaded using link preload but not used within a few seconds from the window's load event. Please make sure it has an appropriate `as` value and it is preloaded intentionally. @ http://localhost:3001/:0
[  411189ms] [ERROR] Failed to load resource: net::ERR_CONNECTION_REFUSED @ http://localhost:3001/api/publish/queue/run:0
[  411191ms] [ERROR] Failed to load resource: net::ERR_CONNECTION_REFUSED @ http://localhost:3001/api/publish/jobs:0
[  414192ms] [WARNING] The resource http://localhost:3001/_next/image?url=%2Fagentcore-logo.png&w=3840&q=75 was preloaded using link preload but not used within a few seconds from the window's load event. Please make sure it has an appropriate `as` value and it is preloaded intentionally. @ http://localhost:3001/:0
[  419189ms] [ERROR] Failed to load resource: net::ERR_CONNECTION_REFUSED @ http://localhost:3001/api/publish/queue/run:0
[  419191ms] [ERROR] Failed to load resource: net::ERR_CONNECTION_REFUSED @ http://localhost:3001/api/publish/jobs:0
[  422192ms] [WARNING] The resource http://localhost:3001/_next/image?url=%2Fagentcore-logo.png&w=3840&q=75 was preloaded using link preload but not used within a few seconds from the window's load event. Please make sure it has an appropriate `as` value and it is preloaded intentionally. @ http://localhost:3001/:0
[  427188ms] [ERROR] Failed to load resource: net::ERR_CONNECTION_REFUSED @ http://localhost:3001/api/publish/queue/run:0
[  427189ms] [ERROR] Failed to load resource: net::ERR_CONNECTION_REFUSED @ http://localhost:3001/api/publish/jobs:0
[  430190ms] [WARNING] The resource http://localhost:3001/_next/image?url=%2Fagentcore-logo.png&w=3840&q=75 was preloaded using link preload but not used within a few seconds from the window's load event. Please make sure it has an appropriate `as` value and it is preloaded intentionally. @ http://localhost:3001/:0
[  435189ms] [ERROR] Failed to load resource: net::ERR_CONNECTION_REFUSED @ http://localhost:3001/api/publish/queue/run:0
[  435190ms] [ERROR] Failed to load resource: net::ERR_CONNECTION_REFUSED @ http://localhost:3001/api/publish/jobs:0
[  438192ms] [WARNING] The resource http://localhost:3001/_next/image?url=%2Fagentcore-logo.png&w=3840&q=75 was preloaded using link preload but not used within a few seconds from the window's load event. Please make sure it has an appropriate `as` value and it is preloaded intentionally. @ http://localhost:3001/:0
[  443189ms] [ERROR] Failed to load resource: net::ERR_CONNECTION_REFUSED @ http://localhost:3001/api/publish/queue/run:0
[  443191ms] [ERROR] Failed to load resource: net::ERR_CONNECTION_REFUSED @ http://localhost:3001/api/publish/jobs:0
[  446192ms] [WARNING] The resource http://localhost:3001/_next/image?url=%2Fagentcore-logo.png&w=3840&q=75 was preloaded using link preload but not used within a few seconds from the window's load event. Please make sure it has an appropriate `as` value and it is preloaded intentionally. @ http://localhost:3001/:0
[  451188ms] [ERROR] Failed to load resource: net::ERR_CONNECTION_REFUSED @ http://localhost:3001/api/publish/queue/run:0
[  451189ms] [ERROR] Failed to load resource: net::ERR_CONNECTION_REFUSED @ http://localhost:3001/api/publish/jobs:0
[  454190ms] [WARNING] The resource http://localhost:3001/_next/image?url=%2Fagentcore-logo.png&w=3840&q=75 was preloaded using link preload but not used within a few seconds from the window's load event. Please make sure it has an appropriate `as` value and it is preloaded intentionally. @ http://localhost:3001/:0
[  459189ms] [ERROR] Failed to load resource: net::ERR_CONNECTION_REFUSED @ http://localhost:3001/api/publish/queue/run:0
[  459191ms] [ERROR] Failed to load resource: net::ERR_CONNECTION_REFUSED @ http://localhost:3001/api/publish/jobs:0
[  462198ms] [WARNING] The resource http://localhost:3001/_next/image?url=%2Fagentcore-logo.png&w=3840&q=75 was preloaded using link preload but not used within a few seconds from the window's load event. Please make sure it has an appropriate `as` value and it is preloaded intentionally. @ http://localhost:3001/:0
[  467188ms] [ERROR] Failed to load resource: net::ERR_CONNECTION_REFUSED @ http://localhost:3001/api/publish/queue/run:0
[  467190ms] [ERROR] Failed to load resource: net::ERR_CONNECTION_REFUSED @ http://localhost:3001/api/publish/jobs:0
[  470191ms] [WARNING] The resource http://localhost:3001/_next/image?url=%2Fagentcore-logo.png&w=3840&q=75 was preloaded using link preload but not used within a few seconds from the window's load event. Please make sure it has an appropriate `as` value and it is preloaded intentionally. @ http://localhost:3001/:0
[  475190ms] [ERROR] Failed to load resource: net::ERR_CONNECTION_REFUSED @ http://localhost:3001/api/publish/queue/run:0
[  475191ms] [ERROR] Failed to load resource: net::ERR_CONNECTION_REFUSED @ http://localhost:3001/api/publish/jobs:0
[  478192ms] [WARNING] The resource http://localhost:3001/_next/image?url=%2Fagentcore-logo.png&w=3840&q=75 was preloaded using link preload but not used within a few seconds from the window's load event. Please make sure it has an appropriate `as` value and it is preloaded intentionally. @ http://localhost:3001/:0
[  483190ms] [ERROR] Failed to load resource: net::ERR_CONNECTION_REFUSED @ http://localhost:3001/api/publish/queue/run:0
[  483192ms] [ERROR] Failed to load resource: net::ERR_CONNECTION_REFUSED @ http://localhost:3001/api/publish/jobs:0
[  486193ms] [WARNING] The resource http://localhost:3001/_next/image?url=%2Fagentcore-logo.png&w=3840&q=75 was preloaded using link preload but not used within a few seconds from the window's load event. Please make sure it has an appropriate `as` value and it is preloaded intentionally. @ http://localhost:3001/:0
[  491190ms] [ERROR] Failed to load resource: net::ERR_CONNECTION_REFUSED @ http://localhost:3001/api/publish/queue/run:0
[  491191ms] [ERROR] Failed to load resource: net::ERR_CONNECTION_REFUSED @ http://localhost:3001/api/publish/jobs:0
[  494193ms] [WARNING] The resource http://localhost:3001/_next/image?url=%2Fagentcore-logo.png&w=3840&q=75 was preloaded using link preload but not used within a few seconds from the window's load event. Please make sure it has an appropriate `as` value and it is preloaded intentionally. @ http://localhost:3001/:0
[  499190ms] [ERROR] Failed to load resource: net::ERR_CONNECTION_REFUSED @ http://localhost:3001/api/publish/queue/run:0
[  499192ms] [ERROR] Failed to load resource: net::ERR_CONNECTION_REFUSED @ http://localhost:3001/api/publish/jobs:0
[  502193ms] [WARNING] The resource http://localhost:3001/_next/image?url=%2Fagentcore-logo.png&w=3840&q=75 was preloaded using link preload but not used within a few seconds from the window's load event. Please make sure it has an appropriate `as` value and it is preloaded intentionally. @ http://localhost:3001/:0
[  507189ms] [ERROR] Failed to load resource: net::ERR_CONNECTION_REFUSED @ http://localhost:3001/api/publish/queue/run:0
[  507189ms] [ERROR] Failed to load resource: net::ERR_CONNECTION_REFUSED @ http://localhost:3001/api/publish/jobs:0
[  510191ms] [WARNING] The resource http://localhost:3001/_next/image?url=%2Fagentcore-logo.png&w=3840&q=75 was preloaded using link preload but not used within a few seconds from the window's load event. Please make sure it has an appropriate `as` value and it is preloaded intentionally. @ http://localhost:3001/:0
[  515190ms] [ERROR] Failed to load resource: net::ERR_CONNECTION_REFUSED @ http://localhost:3001/api/publish/queue/run:0
[  515191ms] [ERROR] Failed to load resource: net::ERR_CONNECTION_REFUSED @ http://localhost:3001/api/publish/jobs:0
[  518192ms] [WARNING] The resource http://localhost:3001/_next/image?url=%2Fagentcore-logo.png&w=3840&q=75 was preloaded using link preload but not used within a few seconds from the window's load event. Please make sure it has an appropriate `as` value and it is preloaded intentionally. @ http://localhost:3001/:0
[  523190ms] [ERROR] Failed to load resource: net::ERR_CONNECTION_REFUSED @ http://localhost:3001/api/publish/queue/run:0
[  523190ms] [ERROR] Failed to load resource: net::ERR_CONNECTION_REFUSED @ http://localhost:3001/api/publish/jobs:0
[  526191ms] [WARNING] The resource http://localhost:3001/_next/image?url=%2Fagentcore-logo.png&w=3840&q=75 was preloaded using link preload but not used within a few seconds from the window's load event. Please make sure it has an appropriate `as` value and it is preloaded intentionally. @ http://localhost:3001/:0
[  531189ms] [ERROR] Failed to load resource: net::ERR_CONNECTION_REFUSED @ http://localhost:3001/api/publish/queue/run:0
[  531191ms] [ERROR] Failed to load resource: net::ERR_CONNECTION_REFUSED @ http://localhost:3001/api/publish/jobs:0
[  534192ms] [WARNING] The resource http://localhost:3001/_next/image?url=%2Fagentcore-logo.png&w=3840&q=75 was preloaded using link preload but not used within a few seconds from the window's load event. Please make sure it has an appropriate `as` value and it is preloaded intentionally. @ http://localhost:3001/:0
[  539190ms] [ERROR] Failed to load resource: net::ERR_CONNECTION_REFUSED @ http://localhost:3001/api/publish/queue/run:0
[  539191ms] [ERROR] Failed to load resource: net::ERR_CONNECTION_REFUSED @ http://localhost:3001/api/publish/jobs:0
[  542192ms] [WARNING] The resource http://localhost:3001/_next/image?url=%2Fagentcore-logo.png&w=3840&q=75 was preloaded using link preload but not used within a few seconds from the window's load event. Please make sure it has an appropriate `as` value and it is preloaded intentionally. @ http://localhost:3001/:0
[  547190ms] [ERROR] Failed to load resource: net::ERR_CONNECTION_REFUSED @ http://localhost:3001/api/publish/queue/run:0
[  547191ms] [ERROR] Failed to load resource: net::ERR_CONNECTION_REFUSED @ http://localhost:3001/api/publish/jobs:0
[  550192ms] [WARNING] The resource http://localhost:3001/_next/image?url=%2Fagentcore-logo.png&w=3840&q=75 was preloaded using link preload but not used within a few seconds from the window's load event. Please make sure it has an appropriate `as` value and it is preloaded intentionally. @ http://localhost:3001/:0
[  555190ms] [ERROR] Failed to load resource: net::ERR_CONNECTION_REFUSED @ http://localhost:3001/api/publish/queue/run:0
[  555191ms] [ERROR] Failed to load resource: net::ERR_CONNECTION_REFUSED @ http://localhost:3001/api/publish/jobs:0
[  558192ms] [WARNING] The resource http://localhost:3001/_next/image?url=%2Fagentcore-logo.png&w=3840&q=75 was preloaded using link preload but not used within a few seconds from the window's load event. Please make sure it has an appropriate `as` value and it is preloaded intentionally. @ http://localhost:3001/:0
[  563189ms] [ERROR] Failed to load resource: net::ERR_CONNECTION_REFUSED @ http://localhost:3001/api/publish/queue/run:0
[  563189ms] [ERROR] Failed to load resource: net::ERR_CONNECTION_REFUSED @ http://localhost:3001/api/publish/jobs:0
[  566190ms] [WARNING] The resource http://localhost:3001/_next/image?url=%2Fagentcore-logo.png&w=3840&q=75 was preloaded using link preload but not used within a few seconds from the window's load event. Please make sure it has an appropriate `as` value and it is preloaded intentionally. @ http://localhost:3001/:0
[  571190ms] [ERROR] Failed to load resource: net::ERR_CONNECTION_REFUSED @ http://localhost:3001/api/publish/queue/run:0
[  571192ms] [ERROR] Failed to load resource: net::ERR_CONNECTION_REFUSED @ http://localhost:3001/api/publish/jobs:0
[  574192ms] [WARNING] The resource http://localhost:3001/_next/image?url=%2Fagentcore-logo.png&w=3840&q=75 was preloaded using link preload but not used within a few seconds from the window's load event. Please make sure it has an appropriate `as` value and it is preloaded intentionally. @ http://localhost:3001/:0
[  579189ms] [ERROR] Failed to load resource: net::ERR_CONNECTION_REFUSED @ http://localhost:3001/api/publish/queue/run:0
[  579190ms] [ERROR] Failed to load resource: net::ERR_CONNECTION_REFUSED @ http://localhost:3001/api/publish/jobs:0
[  582190ms] [WARNING] The resource http://localhost:3001/_next/image?url=%2Fagentcore-logo.png&w=3840&q=75 was preloaded using link preload but not used within a few seconds from the window's load event. Please make sure it has an appropriate `as` value and it is preloaded intentionally. @ http://localhost:3001/:0
[  587189ms] [ERROR] Failed to load resource: net::ERR_CONNECTION_REFUSED @ http://localhost:3001/api/publish/queue/run:0
[  587191ms] [ERROR] Failed to load resource: net::ERR_CONNECTION_REFUSED @ http://localhost:3001/api/publish/jobs:0
[  590192ms] [WARNING] The resource http://localhost:3001/_next/image?url=%2Fagentcore-logo.png&w=3840&q=75 was preloaded using link preload but not used within a few seconds from the window's load event. Please make sure it has an appropriate `as` value and it is preloaded intentionally. @ http://localhost:3001/:0
[  595190ms] [ERROR] Failed to load resource: net::ERR_CONNECTION_REFUSED @ http://localhost:3001/api/publish/queue/run:0
[  595191ms] [ERROR] Failed to load resource: net::ERR_CONNECTION_REFUSED @ http://localhost:3001/api/publish/jobs:0
[  598192ms] [WARNING] The resource http://localhost:3001/_next/image?url=%2Fagentcore-logo.png&w=3840&q=75 was preloaded using link preload but not used within a few seconds from the window's load event. Please make sure it has an appropriate `as` value and it is preloaded intentionally. @ http://localhost:3001/:0
[  603190ms] [ERROR] Failed to load resource: net::ERR_CONNECTION_REFUSED @ http://localhost:3001/api/publish/queue/run:0
[  603191ms] [ERROR] Failed to load resource: net::ERR_CONNECTION_REFUSED @ http://localhost:3001/api/publish/jobs:0
[  606192ms] [WARNING] The resource http://localhost:3001/_next/image?url=%2Fagentcore-logo.png&w=3840&q=75 was preloaded using link preload but not used within a few seconds from the window's load event. Please make sure it has an appropriate `as` value and it is preloaded intentionally. @ http://localhost:3001/:0
[  611189ms] [ERROR] Failed to load resource: net::ERR_CONNECTION_REFUSED @ http://localhost:3001/api/publish/queue/run:0
[  611191ms] [ERROR] Failed to load resource: net::ERR_CONNECTION_REFUSED @ http://localhost:3001/api/publish/jobs:0
[  614192ms] [WARNING] The resource http://localhost:3001/_next/image?url=%2Fagentcore-logo.png&w=3840&q=75 was preloaded using link preload but not used within a few seconds from the window's load event. Please make sure it has an appropriate `as` value and it is preloaded intentionally. @ http://localhost:3001/:0
[  619189ms] [ERROR] Failed to load resource: net::ERR_CONNECTION_REFUSED @ http://localhost:3001/api/publish/queue/run:0
[  619190ms] [ERROR] Failed to load resource: net::ERR_CONNECTION_REFUSED @ http://localhost:3001/api/publish/jobs:0
[  622190ms] [WARNING] The resource http://localhost:3001/_next/image?url=%2Fagentcore-logo.png&w=3840&q=75 was preloaded using link preload but not used within a few seconds from the window's load event. Please make sure it has an appropriate `as` value and it is preloaded intentionally. @ http://localhost:3001/:0
[  627189ms] [ERROR] Failed to load resource: net::ERR_CONNECTION_REFUSED @ http://localhost:3001/api/publish/queue/run:0
[  627191ms] [ERROR] Failed to load resource: net::ERR_CONNECTION_REFUSED @ http://localhost:3001/api/publish/jobs:0
[  630191ms] [WARNING] The resource http://localhost:3001/_next/image?url=%2Fagentcore-logo.png&w=3840&q=75 was preloaded using link preload but not used within a few seconds from the window's load event. Please make sure it has an appropriate `as` value and it is preloaded intentionally. @ http://localhost:3001/:0
[  635188ms] [ERROR] Failed to load resource: net::ERR_CONNECTION_REFUSED @ http://localhost:3001/api/publish/queue/run:0
[  635188ms] [ERROR] Failed to load resource: net::ERR_CONNECTION_REFUSED @ http://localhost:3001/api/publish/jobs:0
[  638190ms] [WARNING] The resource http://localhost:3001/_next/image?url=%2Fagentcore-logo.png&w=3840&q=75 was preloaded using link preload but not used within a few seconds from the window's load event. Please make sure it has an appropriate `as` value and it is preloaded intentionally. @ http://localhost:3001/:0
[  643189ms] [ERROR] Failed to load resource: net::ERR_CONNECTION_REFUSED @ http://localhost:3001/api/publish/queue/run:0
[  643190ms] [ERROR] Failed to load resource: net::ERR_CONNECTION_REFUSED @ http://localhost:3001/api/publish/jobs:0
[  646192ms] [WARNING] The resource http://localhost:3001/_next/image?url=%2Fagentcore-logo.png&w=3840&q=75 was preloaded using link preload but not used within a few seconds from the window's load event. Please make sure it has an appropriate `as` value and it is preloaded intentionally. @ http://localhost:3001/:0
[  651188ms] [ERROR] Failed to load resource: net::ERR_CONNECTION_REFUSED @ http://localhost:3001/api/publish/queue/run:0
[  651189ms] [ERROR] Failed to load resource: net::ERR_CONNECTION_REFUSED @ http://localhost:3001/api/publish/jobs:0
[  654190ms] [WARNING] The resource http://localhost:3001/_next/image?url=%2Fagentcore-logo.png&w=3840&q=75 was preloaded using link preload but not used within a few seconds from the window's load event. Please make sure it has an appropriate `as` value and it is preloaded intentionally. @ http://localhost:3001/:0
[  659189ms] [ERROR] Failed to load resource: net::ERR_CONNECTION_REFUSED @ http://localhost:3001/api/publish/queue/run:0
[  659190ms] [ERROR] Failed to load resource: net::ERR_CONNECTION_REFUSED @ http://localhost:3001/api/publish/jobs:0
[  662190ms] [WARNING] The resource http://localhost:3001/_next/image?url=%2Fagentcore-logo.png&w=3840&q=75 was preloaded using link preload but not used within a few seconds from the window's load event. Please make sure it has an appropriate `as` value and it is preloaded intentionally. @ http://localhost:3001/:0
[  667190ms] [ERROR] Failed to load resource: net::ERR_CONNECTION_REFUSED @ http://localhost:3001/api/publish/queue/run:0
[  667191ms] [ERROR] Failed to load resource: net::ERR_CONNECTION_REFUSED @ http://localhost:3001/api/publish/jobs:0
[  670192ms] [WARNING] The resource http://localhost:3001/_next/image?url=%2Fagentcore-logo.png&w=3840&q=75 was preloaded using link preload but not used within a few seconds from the window's load event. Please make sure it has an appropriate `as` value and it is preloaded intentionally. @ http://localhost:3001/:0
[  675190ms] [ERROR] Failed to load resource: net::ERR_CONNECTION_REFUSED @ http://localhost:3001/api/publish/queue/run:0
[  675191ms] [ERROR] Failed to load resource: net::ERR_CONNECTION_REFUSED @ http://localhost:3001/api/publish/jobs:0
[  678192ms] [WARNING] The resource http://localhost:3001/_next/image?url=%2Fagentcore-logo.png&w=3840&q=75 was preloaded using link preload but not used within a few seconds from the window's load event. Please make sure it has an appropriate `as` value and it is preloaded intentionally. @ http://localhost:3001/:0
[  683189ms] [ERROR] Failed to load resource: net::ERR_CONNECTION_REFUSED @ http://localhost:3001/api/publish/queue/run:0
[  683190ms] [ERROR] Failed to load resource: net::ERR_CONNECTION_REFUSED @ http://localhost:3001/api/publish/jobs:0
[  686191ms] [WARNING] The resource http://localhost:3001/_next/image?url=%2Fagentcore-logo.png&w=3840&q=75 was preloaded using link preload but not used within a few seconds from the window's load event. Please make sure it has an appropriate `as` value and it is preloaded intentionally. @ http://localhost:3001/:0
[  691190ms] [ERROR] Failed to load resource: net::ERR_CONNECTION_REFUSED @ http://localhost:3001/api/publish/queue/run:0
[  691191ms] [ERROR] Failed to load resource: net::ERR_CONNECTION_REFUSED @ http://localhost:3001/api/publish/jobs:0
[  694191ms] [WARNING] The resource http://localhost:3001/_next/image?url=%2Fagentcore-logo.png&w=3840&q=75 was preloaded using link preload but not used within a few seconds from the window's load event. Please make sure it has an appropriate `as` value and it is preloaded intentionally. @ http://localhost:3001/:0
[  699189ms] [ERROR] Failed to load resource: net::ERR_CONNECTION_REFUSED @ http://localhost:3001/api/publish/queue/run:0
[  699191ms] [ERROR] Failed to load resource: net::ERR_CONNECTION_REFUSED @ http://localhost:3001/api/publish/jobs:0
[  702191ms] [WARNING] The resource http://localhost:3001/_next/image?url=%2Fagentcore-logo.png&w=3840&q=75 was preloaded using link preload but not used within a few seconds from the window's load event. Please make sure it has an appropriate `as` value and it is preloaded intentionally. @ http://localhost:3001/:0
[  707190ms] [ERROR] Failed to load resource: net::ERR_CONNECTION_REFUSED @ http://localhost:3001/api/publish/queue/run:0
[  707192ms] [ERROR] Failed to load resource: net::ERR_CONNECTION_REFUSED @ http://localhost:3001/api/publish/jobs:0
[  710193ms] [WARNING] The resource http://localhost:3001/_next/image?url=%2Fagentcore-logo.png&w=3840&q=75 was preloaded using link preload but not used within a few seconds from the window's load event. Please make sure it has an appropriate `as` value and it is preloaded intentionally. @ http://localhost:3001/:0
[  715189ms] [ERROR] Failed to load resource: net::ERR_CONNECTION_REFUSED @ http://localhost:3001/api/publish/queue/run:0
[  715190ms] [ERROR] Failed to load resource: net::ERR_CONNECTION_REFUSED @ http://localhost:3001/api/publish/jobs:0
[  718190ms] [WARNING] The resource http://localhost:3001/_next/image?url=%2Fagentcore-logo.png&w=3840&q=75 was preloaded using link preload but not used within a few seconds from the window's load event. Please make sure it has an appropriate `as` value and it is preloaded intentionally. @ http://localhost:3001/:0
[  723190ms] [ERROR] Failed to load resource: net::ERR_CONNECTION_REFUSED @ http://localhost:3001/api/publish/queue/run:0
[  723191ms] [ERROR] Failed to load resource: net::ERR_CONNECTION_REFUSED @ http://localhost:3001/api/publish/jobs:0
[  726191ms] [WARNING] The resource http://localhost:3001/_next/image?url=%2Fagentcore-logo.png&w=3840&q=75 was preloaded using link preload but not used within a few seconds from the window's load event. Please make sure it has an appropriate `as` value and it is preloaded intentionally. @ http://localhost:3001/:0
[  731189ms] [ERROR] Failed to load resource: net::ERR_CONNECTION_REFUSED @ http://localhost:3001/api/publish/queue/run:0
[  731190ms] [ERROR] Failed to load resource: net::ERR_CONNECTION_REFUSED @ http://localhost:3001/api/publish/jobs:0
[  734191ms] [WARNING] The resource http://localhost:3001/_next/image?url=%2Fagentcore-logo.png&w=3840&q=75 was preloaded using link preload but not used within a few seconds from the window's load event. Please make sure it has an appropriate `as` value and it is preloaded intentionally. @ http://localhost:3001/:0
[  739189ms] [ERROR] Failed to load resource: net::ERR_CONNECTION_REFUSED @ http://localhost:3001/api/publish/queue/run:0
[  739189ms] [ERROR] Failed to load resource: net::ERR_CONNECTION_REFUSED @ http://localhost:3001/api/publish/jobs:0
[  742190ms] [WARNING] The resource http://localhost:3001/_next/image?url=%2Fagentcore-logo.png&w=3840&q=75 was preloaded using link preload but not used within a few seconds from the window's load event. Please make sure it has an appropriate `as` value and it is preloaded intentionally. @ http://localhost:3001/:0
[  747190ms] [ERROR] Failed to load resource: net::ERR_CONNECTION_REFUSED @ http://localhost:3001/api/publish/queue/run:0
[  747190ms] [ERROR] Failed to load resource: net::ERR_CONNECTION_REFUSED @ http://localhost:3001/api/publish/jobs:0
[  750191ms] [WARNING] The resource http://localhost:3001/_next/image?url=%2Fagentcore-logo.png&w=3840&q=75 was preloaded using link preload but not used within a few seconds from the window's load event. Please make sure it has an appropriate `as` value and it is preloaded intentionally. @ http://localhost:3001/:0
[  755190ms] [ERROR] Failed to load resource: net::ERR_CONNECTION_REFUSED @ http://localhost:3001/api/publish/queue/run:0
[  755192ms] [ERROR] Failed to load resource: net::ERR_CONNECTION_REFUSED @ http://localhost:3001/api/publish/jobs:0
[  758193ms] [WARNING] The resource http://localhost:3001/_next/image?url=%2Fagentcore-logo.png&w=3840&q=75 was preloaded using link preload but not used within a few seconds from the window's load event. Please make sure it has an appropriate `as` value and it is preloaded intentionally. @ http://localhost:3001/:0
[  763188ms] [ERROR] Failed to load resource: net::ERR_CONNECTION_REFUSED @ http://localhost:3001/api/publish/queue/run:0
[  763190ms] [ERROR] Failed to load resource: net::ERR_CONNECTION_REFUSED @ http://localhost:3001/api/publish/jobs:0
[  766190ms] [WARNING] The resource http://localhost:3001/_next/image?url=%2Fagentcore-logo.png&w=3840&q=75 was preloaded using link preload but not used within a few seconds from the window's load event. Please make sure it has an appropriate `as` value and it is preloaded intentionally. @ http://localhost:3001/:0
[  771189ms] [ERROR] Failed to load resource: net::ERR_CONNECTION_REFUSED @ http://localhost:3001/api/publish/queue/run:0
[  771191ms] [ERROR] Failed to load resource: net::ERR_CONNECTION_REFUSED @ http://localhost:3001/api/publish/jobs:0
[  774192ms] [WARNING] The resource http://localhost:3001/_next/image?url=%2Fagentcore-logo.png&w=3840&q=75 was preloaded using link preload but not used within a few seconds from the window's load event. Please make sure it has an appropriate `as` value and it is preloaded intentionally. @ http://localhost:3001/:0
[  779189ms] [ERROR] Failed to load resource: net::ERR_CONNECTION_REFUSED @ http://localhost:3001/api/publish/queue/run:0
[  779193ms] [ERROR] Failed to load resource: net::ERR_CONNECTION_REFUSED @ http://localhost:3001/api/publish/jobs:0
[  782194ms] [WARNING] The resource http://localhost:3001/_next/image?url=%2Fagentcore-logo.png&w=3840&q=75 was preloaded using link preload but not used within a few seconds from the window's load event. Please make sure it has an appropriate `as` value and it is preloaded intentionally. @ http://localhost:3001/:0
[  787189ms] [ERROR] Failed to load resource: net::ERR_CONNECTION_REFUSED @ http://localhost:3001/api/publish/queue/run:0
[  787191ms] [ERROR] Failed to load resource: net::ERR_CONNECTION_REFUSED @ http://localhost:3001/api/publish/jobs:0
[  790192ms] [WARNING] The resource http://localhost:3001/_next/image?url=%2Fagentcore-logo.png&w=3840&q=75 was preloaded using link preload but not used within a few seconds from the window's load event. Please make sure it has an appropriate `as` value and it is preloaded intentionally. @ http://localhost:3001/:0
[  795189ms] [ERROR] Failed to load resource: net::ERR_CONNECTION_REFUSED @ http://localhost:3001/api/publish/queue/run:0
[  795191ms] [ERROR] Failed to load resource: net::ERR_CONNECTION_REFUSED @ http://localhost:3001/api/publish/jobs:0
[  798192ms] [WARNING] The resource http://localhost:3001/_next/image?url=%2Fagentcore-logo.png&w=3840&q=75 was preloaded using link preload but not used within a few seconds from the window's load event. Please make sure it has an appropriate `as` value and it is preloaded intentionally. @ http://localhost:3001/:0
[  803190ms] [ERROR] Failed to load resource: net::ERR_CONNECTION_REFUSED @ http://localhost:3001/api/publish/queue/run:0
[  803192ms] [ERROR] Failed to load resource: net::ERR_CONNECTION_REFUSED @ http://localhost:3001/api/publish/jobs:0
[  806192ms] [WARNING] The resource http://localhost:3001/_next/image?url=%2Fagentcore-logo.png&w=3840&q=75 was preloaded using link preload but not used within a few seconds from the window's load event. Please make sure it has an appropriate `as` value and it is preloaded intentionally. @ http://localhost:3001/:0
[  811188ms] [ERROR] Failed to load resource: net::ERR_CONNECTION_REFUSED @ http://localhost:3001/api/publish/queue/run:0
[  811189ms] [ERROR] Failed to load resource: net::ERR_CONNECTION_REFUSED @ http://localhost:3001/api/publish/jobs:0
[  814190ms] [WARNING] The resource http://localhost:3001/_next/image?url=%2Fagentcore-logo.png&w=3840&q=75 was preloaded using link preload but not used within a few seconds from the window's load event. Please make sure it has an appropriate `as` value and it is preloaded intentionally. @ http://localhost:3001/:0
[  819189ms] [ERROR] Failed to load resource: net::ERR_CONNECTION_REFUSED @ http://localhost:3001/api/publish/queue/run:0
[  819190ms] [ERROR] Failed to load resource: net::ERR_CONNECTION_REFUSED @ http://localhost:3001/api/publish/jobs:0
[  822190ms] [WARNING] The resource http://localhost:3001/_next/image?url=%2Fagentcore-logo.png&w=3840&q=75 was preloaded using link preload but not used within a few seconds from the window's load event. Please make sure it has an appropriate `as` value and it is preloaded intentionally. @ http://localhost:3001/:0
[  827189ms] [ERROR] Failed to load resource: net::ERR_CONNECTION_REFUSED @ http://localhost:3001/api/publish/queue/run:0
[  827189ms] [ERROR] Failed to load resource: net::ERR_CONNECTION_REFUSED @ http://localhost:3001/api/publish/jobs:0
[  830190ms] [WARNING] The resource http://localhost:3001/_next/image?url=%2Fagentcore-logo.png&w=3840&q=75 was preloaded using link preload but not used within a few seconds from the window's load event. Please make sure it has an appropriate `as` value and it is preloaded intentionally. @ http://localhost:3001/:0
[  835189ms] [ERROR] Failed to load resource: net::ERR_CONNECTION_REFUSED @ http://localhost:3001/api/publish/queue/run:0
[  835190ms] [ERROR] Failed to load resource: net::ERR_CONNECTION_REFUSED @ http://localhost:3001/api/publish/jobs:0
[  838191ms] [WARNING] The resource http://localhost:3001/_next/image?url=%2Fagentcore-logo.png&w=3840&q=75 was preloaded using link preload but not used within a few seconds from the window's load event. Please make sure it has an appropriate `as` value and it is preloaded intentionally. @ http://localhost:3001/:0
[  843189ms] [ERROR] Failed to load resource: net::ERR_CONNECTION_REFUSED @ http://localhost:3001/api/publish/queue/run:0
[  843190ms] [ERROR] Failed to load resource: net::ERR_CONNECTION_REFUSED @ http://localhost:3001/api/publish/jobs:0
[  846191ms] [WARNING] The resource http://localhost:3001/_next/image?url=%2Fagentcore-logo.png&w=3840&q=75 was preloaded using link preload but not used within a few seconds from the window's load event. Please make sure it has an appropriate `as` value and it is preloaded intentionally. @ http://localhost:3001/:0
[  851188ms] [ERROR] Failed to load resource: net::ERR_CONNECTION_REFUSED @ http://localhost:3001/api/publish/queue/run:0
[  851189ms] [ERROR] Failed to load resource: net::ERR_CONNECTION_REFUSED @ http://localhost:3001/api/publish/jobs:0
[  854191ms] [WARNING] The resource http://localhost:3001/_next/image?url=%2Fagentcore-logo.png&w=3840&q=75 was preloaded using link preload but not used within a few seconds from the window's load event. Please make sure it has an appropriate `as` value and it is preloaded intentionally. @ http://localhost:3001/:0
[  859190ms] [ERROR] Failed to load resource: net::ERR_CONNECTION_REFUSED @ http://localhost:3001/api/publish/queue/run:0
[  859194ms] [ERROR] Failed to load resource: net::ERR_CONNECTION_REFUSED @ http://localhost:3001/api/publish/jobs:0
[  862195ms] [WARNING] The resource http://localhost:3001/_next/image?url=%2Fagentcore-logo.png&w=3840&q=75 was preloaded using link preload but not used within a few seconds from the window's load event. Please make sure it has an appropriate `as` value and it is preloaded intentionally. @ http://localhost:3001/:0
[  867189ms] [ERROR] Failed to load resource: net::ERR_CONNECTION_REFUSED @ http://localhost:3001/api/publish/queue/run:0
[  867190ms] [ERROR] Failed to load resource: net::ERR_CONNECTION_REFUSED @ http://localhost:3001/api/publish/jobs:0
[  870191ms] [WARNING] The resource http://localhost:3001/_next/image?url=%2Fagentcore-logo.png&w=3840&q=75 was preloaded using link preload but not used within a few seconds from the window's load event. Please make sure it has an appropriate `as` value and it is preloaded intentionally. @ http://localhost:3001/:0
[  875189ms] [ERROR] Failed to load resource: net::ERR_CONNECTION_REFUSED @ http://localhost:3001/api/publish/queue/run:0
[  875189ms] [ERROR] Failed to load resource: net::ERR_CONNECTION_REFUSED @ http://localhost:3001/api/publish/jobs:0
[  878190ms] [WARNING] The resource http://localhost:3001/_next/image?url=%2Fagentcore-logo.png&w=3840&q=75 was preloaded using link preload but not used within a few seconds from the window's load event. Please make sure it has an appropriate `as` value and it is preloaded intentionally. @ http://localhost:3001/:0
[  883190ms] [ERROR] Failed to load resource: net::ERR_CONNECTION_REFUSED @ http://localhost:3001/api/publish/queue/run:0
[  883191ms] [ERROR] Failed to load resource: net::ERR_CONNECTION_REFUSED @ http://localhost:3001/api/publish/jobs:0
[  886192ms] [WARNING] The resource http://localhost:3001/_next/image?url=%2Fagentcore-logo.png&w=3840&q=75 was preloaded using link preload but not used within a few seconds from the window's load event. Please make sure it has an appropriate `as` value and it is preloaded intentionally. @ http://localhost:3001/:0
[  891190ms] [ERROR] Failed to load resource: net::ERR_CONNECTION_REFUSED @ http://localhost:3001/api/publish/queue/run:0
[  891191ms] [ERROR] Failed to load resource: net::ERR_CONNECTION_REFUSED @ http://localhost:3001/api/publish/jobs:0
[  894191ms] [WARNING] The resource http://localhost:3001/_next/image?url=%2Fagentcore-logo.png&w=3840&q=75 was preloaded using link preload but not used within a few seconds from the window's load event. Please make sure it has an appropriate `as` value and it is preloaded intentionally. @ http://localhost:3001/:0
[  899189ms] [ERROR] Failed to load resource: net::ERR_CONNECTION_REFUSED @ http://localhost:3001/api/publish/queue/run:0
[  899191ms] [ERROR] Failed to load resource: net::ERR_CONNECTION_REFUSED @ http://localhost:3001/api/publish/jobs:0
[  902192ms] [WARNING] The resource http://localhost:3001/_next/image?url=%2Fagentcore-logo.png&w=3840&q=75 was preloaded using link preload but not used within a few seconds from the window's load event. Please make sure it has an appropriate `as` value and it is preloaded intentionally. @ http://localhost:3001/:0
[  907191ms] [ERROR] Failed to load resource: net::ERR_CONNECTION_REFUSED @ http://localhost:3001/api/publish/queue/run:0
[  907193ms] [ERROR] Failed to load resource: net::ERR_CONNECTION_REFUSED @ http://localhost:3001/api/publish/jobs:0
[  910193ms] [WARNING] The resource http://localhost:3001/_next/image?url=%2Fagentcore-logo.png&w=3840&q=75 was preloaded using link preload but not used within a few seconds from the window's load event. Please make sure it has an appropriate `as` value and it is preloaded intentionally. @ http://localhost:3001/:0
[  915190ms] [ERROR] Failed to load resource: net::ERR_CONNECTION_REFUSED @ http://localhost:3001/api/publish/queue/run:0
[  915191ms] [ERROR] Failed to load resource: net::ERR_CONNECTION_REFUSED @ http://localhost:3001/api/publish/jobs:0
[  918192ms] [WARNING] The resource http://localhost:3001/_next/image?url=%2Fagentcore-logo.png&w=3840&q=75 was preloaded using link preload but not used within a few seconds from the window's load event. Please make sure it has an appropriate `as` value and it is preloaded intentionally. @ http://localhost:3001/:0
[  923189ms] [ERROR] Failed to load resource: net::ERR_CONNECTION_REFUSED @ http://localhost:3001/api/publish/queue/run:0
[  923190ms] [ERROR] Failed to load resource: net::ERR_CONNECTION_REFUSED @ http://localhost:3001/api/publish/jobs:0
[  926191ms] [WARNING] The resource http://localhost:3001/_next/image?url=%2Fagentcore-logo.png&w=3840&q=75 was preloaded using link preload but not used within a few seconds from the window's load event. Please make sure it has an appropriate `as` value and it is preloaded intentionally. @ http://localhost:3001/:0
[  931189ms] [ERROR] Failed to load resource: net::ERR_CONNECTION_REFUSED @ http://localhost:3001/api/publish/queue/run:0
[  931191ms] [ERROR] Failed to load resource: net::ERR_CONNECTION_REFUSED @ http://localhost:3001/api/publish/jobs:0
[  934191ms] [WARNING] The resource http://localhost:3001/_next/image?url=%2Fagentcore-logo.png&w=3840&q=75 was preloaded using link preload but not used within a few seconds from the window's load event. Please make sure it has an appropriate `as` value and it is preloaded intentionally. @ http://localhost:3001/:0
[  939189ms] [ERROR] Failed to load resource: net::ERR_CONNECTION_REFUSED @ http://localhost:3001/api/publish/queue/run:0
[  939191ms] [ERROR] Failed to load resource: net::ERR_CONNECTION_REFUSED @ http://localhost:3001/api/publish/jobs:0
[  942192ms] [WARNING] The resource http://localhost:3001/_next/image?url=%2Fagentcore-logo.png&w=3840&q=75 was preloaded using link preload but not used within a few seconds from the window's load event. Please make sure it has an appropriate `as` value and it is preloaded intentionally. @ http://localhost:3001/:0
[  947190ms] [ERROR] Failed to load resource: net::ERR_CONNECTION_REFUSED @ http://localhost:3001/api/publish/queue/run:0
[  947191ms] [ERROR] Failed to load resource: net::ERR_CONNECTION_REFUSED @ http://localhost:3001/api/publish/jobs:0
[  950191ms] [WARNING] The resource http://localhost:3001/_next/image?url=%2Fagentcore-logo.png&w=3840&q=75 was preloaded using link preload but not used within a few seconds from the window's load event. Please make sure it has an appropriate `as` value and it is preloaded intentionally. @ http://localhost:3001/:0
[  955191ms] [ERROR] Failed to load resource: net::ERR_CONNECTION_REFUSED @ http://localhost:3001/api/publish/queue/run:0
[  955192ms] [ERROR] Failed to load resource: net::ERR_CONNECTION_REFUSED @ http://localhost:3001/api/publish/jobs:0
[  958193ms] [WARNING] The resource http://localhost:3001/_next/image?url=%2Fagentcore-logo.png&w=3840&q=75 was preloaded using link preload but not used within a few seconds from the window's load event. Please make sure it has an appropriate `as` value and it is preloaded intentionally. @ http://localhost:3001/:0
[  963190ms] [ERROR] Failed to load resource: net::ERR_CONNECTION_REFUSED @ http://localhost:3001/api/publish/queue/run:0
[  963191ms] [ERROR] Failed to load resource: net::ERR_CONNECTION_REFUSED @ http://localhost:3001/api/publish/jobs:0
[  966192ms] [WARNING] The resource http://localhost:3001/_next/image?url=%2Fagentcore-logo.png&w=3840&q=75 was preloaded using link preload but not used within a few seconds from the window's load event. Please make sure it has an appropriate `as` value and it is preloaded intentionally. @ http://localhost:3001/:0
[  971189ms] [ERROR] Failed to load resource: net::ERR_CONNECTION_REFUSED @ http://localhost:3001/api/publish/queue/run:0
[  971191ms] [ERROR] Failed to load resource: net::ERR_CONNECTION_REFUSED @ http://localhost:3001/api/publish/jobs:0
[  974191ms] [WARNING] The resource http://localhost:3001/_next/image?url=%2Fagentcore-logo.png&w=3840&q=75 was preloaded using link preload but not used within a few seconds from the window's load event. Please make sure it has an appropriate `as` value and it is preloaded intentionally. @ http://localhost:3001/:0
[  979189ms] [ERROR] Failed to load resource: net::ERR_CONNECTION_REFUSED @ http://localhost:3001/api/publish/queue/run:0
[  979191ms] [ERROR] Failed to load resource: net::ERR_CONNECTION_REFUSED @ http://localhost:3001/api/publish/jobs:0
[  982191ms] [WARNING] The resource http://localhost:3001/_next/image?url=%2Fagentcore-logo.png&w=3840&q=75 was preloaded using link preload but not used within a few seconds from the window's load event. Please make sure it has an appropriate `as` value and it is preloaded intentionally. @ http://localhost:3001/:0
[  987188ms] [ERROR] Failed to load resource: net::ERR_CONNECTION_REFUSED @ http://localhost:3001/api/publish/queue/run:0
[  987189ms] [ERROR] Failed to load resource: net::ERR_CONNECTION_REFUSED @ http://localhost:3001/api/publish/jobs:0
[  990190ms] [WARNING] The resource http://localhost:3001/_next/image?url=%2Fagentcore-logo.png&w=3840&q=75 was preloaded using link preload but not used within a few seconds from the window's load event. Please make sure it has an appropriate `as` value and it is preloaded intentionally. @ http://localhost:3001/:0
[  995190ms] [ERROR] Failed to load resource: net::ERR_CONNECTION_REFUSED @ http://localhost:3001/api/publish/queue/run:0
[  995192ms] [ERROR] Failed to load resource: net::ERR_CONNECTION_REFUSED @ http://localhost:3001/api/publish/jobs:0
[  998193ms] [WARNING] The resource http://localhost:3001/_next/image?url=%2Fagentcore-logo.png&w=3840&q=75 was preloaded using link preload but not used within a few seconds from the window's load event. Please make sure it has an appropriate `as` value and it is preloaded intentionally. @ http://localhost:3001/:0
[ 1003190ms] [ERROR] Failed to load resource: net::ERR_CONNECTION_REFUSED @ http://localhost:3001/api/publish/queue/run:0
[ 1003192ms] [ERROR] Failed to load resource: net::ERR_CONNECTION_REFUSED @ http://localhost:3001/api/publish/jobs:0
[ 1006193ms] [WARNING] The resource http://localhost:3001/_next/image?url=%2Fagentcore-logo.png&w=3840&q=75 was preloaded using link preload but not used within a few seconds from the window's load event. Please make sure it has an appropriate `as` value and it is preloaded intentionally. @ http://localhost:3001/:0
[ 1011190ms] [ERROR] Failed to load resource: net::ERR_CONNECTION_REFUSED @ http://localhost:3001/api/publish/queue/run:0
[ 1011191ms] [ERROR] Failed to load resource: net::ERR_CONNECTION_REFUSED @ http://localhost:3001/api/publish/jobs:0
[ 1014192ms] [WARNING] The resource http://localhost:3001/_next/image?url=%2Fagentcore-logo.png&w=3840&q=75 was preloaded using link preload but not used within a few seconds from the window's load event. Please make sure it has an appropriate `as` value and it is preloaded intentionally. @ http://localhost:3001/:0
[ 1019187ms] [ERROR] Failed to load resource: net::ERR_CONNECTION_REFUSED @ http://localhost:3001/api/publish/queue/run:0
[ 1019187ms] [ERROR] Failed to load resource: net::ERR_CONNECTION_REFUSED @ http://localhost:3001/api/publish/jobs:0
[ 1022189ms] [WARNING] The resource http://localhost:3001/_next/image?url=%2Fagentcore-logo.png&w=3840&q=75 was preloaded using link preload but not used within a few seconds from the window's load event. Please make sure it has an appropriate `as` value and it is preloaded intentionally. @ http://localhost:3001/:0
[ 1027188ms] [ERROR] Failed to load resource: net::ERR_CONNECTION_REFUSED @ http://localhost:3001/api/publish/queue/run:0
[ 1027188ms] [ERROR] Failed to load resource: net::ERR_CONNECTION_REFUSED @ http://localhost:3001/api/publish/jobs:0
[ 1030190ms] [WARNING] The resource http://localhost:3001/_next/image?url=%2Fagentcore-logo.png&w=3840&q=75 was preloaded using link preload but not used within a few seconds from the window's load event. Please make sure it has an appropriate `as` value and it is preloaded intentionally. @ http://localhost:3001/:0
[ 1035188ms] [ERROR] Failed to load resource: net::ERR_CONNECTION_REFUSED @ http://localhost:3001/api/publish/queue/run:0
[ 1035189ms] [ERROR] Failed to load resource: net::ERR_CONNECTION_REFUSED @ http://localhost:3001/api/publish/jobs:0
[ 1038190ms] [WARNING] The resource http://localhost:3001/_next/image?url=%2Fagentcore-logo.png&w=3840&q=75 was preloaded using link preload but not used within a few seconds from the window's load event. Please make sure it has an appropriate `as` value and it is preloaded intentionally. @ http://localhost:3001/:0
[ 1043189ms] [ERROR] Failed to load resource: net::ERR_CONNECTION_REFUSED @ http://localhost:3001/api/publish/queue/run:0
[ 1043191ms] [ERROR] Failed to load resource: net::ERR_CONNECTION_REFUSED @ http://localhost:3001/api/publish/jobs:0
[ 1046191ms] [WARNING] The resource http://localhost:3001/_next/image?url=%2Fagentcore-logo.png&w=3840&q=75 was preloaded using link preload but not used within a few seconds from the window's load event. Please make sure it has an appropriate `as` value and it is preloaded intentionally. @ http://localhost:3001/:0
[ 1051188ms] [ERROR] Failed to load resource: net::ERR_CONNECTION_REFUSED @ http://localhost:3001/api/publish/queue/run:0
[ 1051188ms] [ERROR] Failed to load resource: net::ERR_CONNECTION_REFUSED @ http://localhost:3001/api/publish/jobs:0
[ 1054190ms] [WARNING] The resource http://localhost:3001/_next/image?url=%2Fagentcore-logo.png&w=3840&q=75 was preloaded using link preload but not used within a few seconds from the window's load event. Please make sure it has an appropriate `as` value and it is preloaded intentionally. @ http://localhost:3001/:0
[ 1059190ms] [ERROR] Failed to load resource: net::ERR_CONNECTION_REFUSED @ http://localhost:3001/api/publish/queue/run:0
[ 1059191ms] [ERROR] Failed to load resource: net::ERR_CONNECTION_REFUSED @ http://localhost:3001/api/publish/jobs:0
[ 1062191ms] [WARNING] The resource http://localhost:3001/_next/image?url=%2Fagentcore-logo.png&w=3840&q=75 was preloaded using link preload but not used within a few seconds from the window's load event. Please make sure it has an appropriate `as` value and it is preloaded intentionally. @ http://localhost:3001/:0
[ 1067189ms] [ERROR] Failed to load resource: net::ERR_CONNECTION_REFUSED @ http://localhost:3001/api/publish/queue/run:0
[ 1067190ms] [ERROR] Failed to load resource: net::ERR_CONNECTION_REFUSED @ http://localhost:3001/api/publish/jobs:0
[ 1070190ms] [WARNING] The resource http://localhost:3001/_next/image?url=%2Fagentcore-logo.png&w=3840&q=75 was preloaded using link preload but not used within a few seconds from the window's load event. Please make sure it has an appropriate `as` value and it is preloaded intentionally. @ http://localhost:3001/:0
[ 1075187ms] [ERROR] Failed to load resource: net::ERR_CONNECTION_REFUSED @ http://localhost:3001/api/publish/queue/run:0
[ 1075188ms] [ERROR] Failed to load resource: net::ERR_CONNECTION_REFUSED @ http://localhost:3001/api/publish/jobs:0
[ 1078189ms] [WARNING] The resource http://localhost:3001/_next/image?url=%2Fagentcore-logo.png&w=3840&q=75 was preloaded using link preload but not used within a few seconds from the window's load event. Please make sure it has an appropriate `as` value and it is preloaded intentionally. @ http://localhost:3001/:0
[ 1083191ms] [ERROR] Failed to load resource: net::ERR_CONNECTION_REFUSED @ http://localhost:3001/api/publish/queue/run:0
[ 1083192ms] [ERROR] Failed to load resource: net::ERR_CONNECTION_REFUSED @ http://localhost:3001/api/publish/jobs:0
[ 1086193ms] [WARNING] The resource http://localhost:3001/_next/image?url=%2Fagentcore-logo.png&w=3840&q=75 was preloaded using link preload but not used within a few seconds from the window's load event. Please make sure it has an appropriate `as` value and it is preloaded intentionally. @ http://localhost:3001/:0
[ 1091188ms] [ERROR] Failed to load resource: net::ERR_CONNECTION_REFUSED @ http://localhost:3001/api/publish/queue/run:0
[ 1091189ms] [ERROR] Failed to load resource: net::ERR_CONNECTION_REFUSED @ http://localhost:3001/api/publish/jobs:0
[ 1094190ms] [WARNING] The resource http://localhost:3001/_next/image?url=%2Fagentcore-logo.png&w=3840&q=75 was preloaded using link preload but not used within a few seconds from the window's load event. Please make sure it has an appropriate `as` value and it is preloaded intentionally. @ http://localhost:3001/:0
[ 1099190ms] [ERROR] Failed to load resource: net::ERR_CONNECTION_REFUSED @ http://localhost:3001/api/publish/queue/run:0
[ 1099191ms] [ERROR] Failed to load resource: net::ERR_CONNECTION_REFUSED @ http://localhost:3001/api/publish/jobs:0
[ 1102192ms] [WARNING] The resource http://localhost:3001/_next/image?url=%2Fagentcore-logo.png&w=3840&q=75 was preloaded using link preload but not used within a few seconds from the window's load event. Please make sure it has an appropriate `as` value and it is preloaded intentionally. @ http://localhost:3001/:0
[ 1107190ms] [ERROR] Failed to load resource: net::ERR_CONNECTION_REFUSED @ http://localhost:3001/api/publish/queue/run:0
[ 1107191ms] [ERROR] Failed to load resource: net::ERR_CONNECTION_REFUSED @ http://localhost:3001/api/publish/jobs:0
[ 1110193ms] [WARNING] The resource http://localhost:3001/_next/image?url=%2Fagentcore-logo.png&w=3840&q=75 was preloaded using link preload but not used within a few seconds from the window's load event. Please make sure it has an appropriate `as` value and it is preloaded intentionally. @ http://localhost:3001/:0
[ 1115190ms] [ERROR] Failed to load resource: net::ERR_CONNECTION_REFUSED @ http://localhost:3001/api/publish/queue/run:0
[ 1115191ms] [ERROR] Failed to load resource: net::ERR_CONNECTION_REFUSED @ http://localhost:3001/api/publish/jobs:0
[ 1118191ms] [WARNING] The resource http://localhost:3001/_next/image?url=%2Fagentcore-logo.png&w=3840&q=75 was preloaded using link preload but not used within a few seconds from the window's load event. Please make sure it has an appropriate `as` value and it is preloaded intentionally. @ http://localhost:3001/:0
[ 1123190ms] [ERROR] Failed to load resource: net::ERR_CONNECTION_REFUSED @ http://localhost:3001/api/publish/queue/run:0
[ 1123192ms] [ERROR] Failed to load resource: net::ERR_CONNECTION_REFUSED @ http://localhost:3001/api/publish/jobs:0
[ 1126192ms] [WARNING] The resource http://localhost:3001/_next/image?url=%2Fagentcore-logo.png&w=3840&q=75 was preloaded using link preload but not used within a few seconds from the window's load event. Please make sure it has an appropriate `as` value and it is preloaded intentionally. @ http://localhost:3001/:0
[ 1131190ms] [ERROR] Failed to load resource: net::ERR_CONNECTION_REFUSED @ http://localhost:3001/api/publish/queue/run:0
[ 1131191ms] [ERROR] Failed to load resource: net::ERR_CONNECTION_REFUSED @ http://localhost:3001/api/publish/jobs:0
[ 1134192ms] [WARNING] The resource http://localhost:3001/_next/image?url=%2Fagentcore-logo.png&w=3840&q=75 was preloaded using link preload but not used within a few seconds from the window's load event. Please make sure it has an appropriate `as` value and it is preloaded intentionally. @ http://localhost:3001/:0
[ 1139190ms] [ERROR] Failed to load resource: net::ERR_CONNECTION_REFUSED @ http://localhost:3001/api/publish/queue/run:0
[ 1139191ms] [ERROR] Failed to load resource: net::ERR_CONNECTION_REFUSED @ http://localhost:3001/api/publish/jobs:0
[ 1142192ms] [WARNING] The resource http://localhost:3001/_next/image?url=%2Fagentcore-logo.png&w=3840&q=75 was preloaded using link preload but not used within a few seconds from the window's load event. Please make sure it has an appropriate `as` value and it is preloaded intentionally. @ http://localhost:3001/:0
[ 1147189ms] [ERROR] Failed to load resource: net::ERR_CONNECTION_REFUSED @ http://localhost:3001/api/publish/queue/run:0
[ 1147191ms] [ERROR] Failed to load resource: net::ERR_CONNECTION_REFUSED @ http://localhost:3001/api/publish/jobs:0
[ 1150192ms] [WARNING] The resource http://localhost:3001/_next/image?url=%2Fagentcore-logo.png&w=3840&q=75 was preloaded using link preload but not used within a few seconds from the window's load event. Please make sure it has an appropriate `as` value and it is preloaded intentionally. @ http://localhost:3001/:0
[ 1155190ms] [ERROR] Failed to load resource: net::ERR_CONNECTION_REFUSED @ http://localhost:3001/api/publish/queue/run:0
[ 1155192ms] [ERROR] Failed to load resource: net::ERR_CONNECTION_REFUSED @ http://localhost:3001/api/publish/jobs:0
[ 1158192ms] [WARNING] The resource http://localhost:3001/_next/image?url=%2Fagentcore-logo.png&w=3840&q=75 was preloaded using link preload but not used within a few seconds from the window's load event. Please make sure it has an appropriate `as` value and it is preloaded intentionally. @ http://localhost:3001/:0
[ 1163190ms] [ERROR] Failed to load resource: net::ERR_CONNECTION_REFUSED @ http://localhost:3001/api/publish/queue/run:0
[ 1163191ms] [ERROR] Failed to load resource: net::ERR_CONNECTION_REFUSED @ http://localhost:3001/api/publish/jobs:0
[ 1166192ms] [WARNING] The resource http://localhost:3001/_next/image?url=%2Fagentcore-logo.png&w=3840&q=75 was preloaded using link preload but not used within a few seconds from the window's load event. Please make sure it has an appropriate `as` value and it is preloaded intentionally. @ http://localhost:3001/:0
[ 1171189ms] [ERROR] Failed to load resource: net::ERR_CONNECTION_REFUSED @ http://localhost:3001/api/publish/queue/run:0
[ 1171191ms] [ERROR] Failed to load resource: net::ERR_CONNECTION_REFUSED @ http://localhost:3001/api/publish/jobs:0
[ 1174192ms] [WARNING] The resource http://localhost:3001/_next/image?url=%2Fagentcore-logo.png&w=3840&q=75 was preloaded using link preload but not used within a few seconds from the window's load event. Please make sure it has an appropriate `as` value and it is preloaded intentionally. @ http://localhost:3001/:0
[ 1179190ms] [ERROR] Failed to load resource: net::ERR_CONNECTION_REFUSED @ http://localhost:3001/api/publish/queue/run:0
[ 1179191ms] [ERROR] Failed to load resource: net::ERR_CONNECTION_REFUSED @ http://localhost:3001/api/publish/jobs:0
[ 1182191ms] [WARNING] The resource http://localhost:3001/_next/image?url=%2Fagentcore-logo.png&w=3840&q=75 was preloaded using link preload but not used within a few seconds from the window's load event. Please make sure it has an appropriate `as` value and it is preloaded intentionally. @ http://localhost:3001/:0
[ 1187190ms] [ERROR] Failed to load resource: net::ERR_CONNECTION_REFUSED @ http://localhost:3001/api/publish/queue/run:0
[ 1187191ms] [ERROR] Failed to load resource: net::ERR_CONNECTION_REFUSED @ http://localhost:3001/api/publish/jobs:0
[ 1190192ms] [WARNING] The resource http://localhost:3001/_next/image?url=%2Fagentcore-logo.png&w=3840&q=75 was preloaded using link preload but not used within a few seconds from the window's load event. Please make sure it has an appropriate `as` value and it is preloaded intentionally. @ http://localhost:3001/:0
[ 1195190ms] [ERROR] Failed to load resource: net::ERR_CONNECTION_REFUSED @ http://localhost:3001/api/publish/queue/run:0
[ 1195191ms] [ERROR] Failed to load resource: net::ERR_CONNECTION_REFUSED @ http://localhost:3001/api/publish/jobs:0
[ 1198192ms] [WARNING] The resource http://localhost:3001/_next/image?url=%2Fagentcore-logo.png&w=3840&q=75 was preloaded using link preload but not used within a few seconds from the window's load event. Please make sure it has an appropriate `as` value and it is preloaded intentionally. @ http://localhost:3001/:0
[ 1203188ms] [ERROR] Failed to load resource: net::ERR_CONNECTION_REFUSED @ http://localhost:3001/api/publish/queue/run:0
[ 1203188ms] [ERROR] Failed to load resource: net::ERR_CONNECTION_REFUSED @ http://localhost:3001/api/publish/jobs:0
[ 1206190ms] [WARNING] The resource http://localhost:3001/_next/image?url=%2Fagentcore-logo.png&w=3840&q=75 was preloaded using link preload but not used within a few seconds from the window's load event. Please make sure it has an appropriate `as` value and it is preloaded intentionally. @ http://localhost:3001/:0
[ 1211189ms] [ERROR] Failed to load resource: net::ERR_CONNECTION_REFUSED @ http://localhost:3001/api/publish/queue/run:0
[ 1211190ms] [ERROR] Failed to load resource: net::ERR_CONNECTION_REFUSED @ http://localhost:3001/api/publish/jobs:0
[ 1214191ms] [WARNING] The resource http://localhost:3001/_next/image?url=%2Fagentcore-logo.png&w=3840&q=75 was preloaded using link preload but not used within a few seconds from the window's load event. Please make sure it has an appropriate `as` value and it is preloaded intentionally. @ http://localhost:3001/:0
[ 1219189ms] [ERROR] Failed to load resource: net::ERR_CONNECTION_REFUSED @ http://localhost:3001/api/publish/queue/run:0
[ 1219190ms] [ERROR] Failed to load resource: net::ERR_CONNECTION_REFUSED @ http://localhost:3001/api/publish/jobs:0
[ 1222191ms] [WARNING] The resource http://localhost:3001/_next/image?url=%2Fagentcore-logo.png&w=3840&q=75 was preloaded using link preload but not used within a few seconds from the window's load event. Please make sure it has an appropriate `as` value and it is preloaded intentionally. @ http://localhost:3001/:0
[ 1227189ms] [ERROR] Failed to load resource: net::ERR_CONNECTION_REFUSED @ http://localhost:3001/api/publish/queue/run:0
[ 1227189ms] [ERROR] Failed to load resource: net::ERR_CONNECTION_REFUSED @ http://localhost:3001/api/publish/jobs:0
[ 1230190ms] [WARNING] The resource http://localhost:3001/_next/image?url=%2Fagentcore-logo.png&w=3840&q=75 was preloaded using link preload but not used within a few seconds from the window's load event. Please make sure it has an appropriate `as` value and it is preloaded intentionally. @ http://localhost:3001/:0
[ 1235190ms] [ERROR] Failed to load resource: net::ERR_CONNECTION_REFUSED @ http://localhost:3001/api/publish/queue/run:0
[ 1235191ms] [ERROR] Failed to load resource: net::ERR_CONNECTION_REFUSED @ http://localhost:3001/api/publish/jobs:0
[ 1238192ms] [WARNING] The resource http://localhost:3001/_next/image?url=%2Fagentcore-logo.png&w=3840&q=75 was preloaded using link preload but not used within a few seconds from the window's load event. Please make sure it has an appropriate `as` value and it is preloaded intentionally. @ http://localhost:3001/:0
[ 1243190ms] [ERROR] Failed to load resource: net::ERR_CONNECTION_REFUSED @ http://localhost:3001/api/publish/queue/run:0
[ 1243191ms] [ERROR] Failed to load resource: net::ERR_CONNECTION_REFUSED @ http://localhost:3001/api/publish/jobs:0
[ 1246192ms] [WARNING] The resource http://localhost:3001/_next/image?url=%2Fagentcore-logo.png&w=3840&q=75 was preloaded using link preload but not used within a few seconds from the window's load event. Please make sure it has an appropriate `as` value and it is preloaded intentionally. @ http://localhost:3001/:0
[ 1251190ms] [ERROR] Failed to load resource: net::ERR_CONNECTION_REFUSED @ http://localhost:3001/api/publish/queue/run:0
[ 1251191ms] [ERROR] Failed to load resource: net::ERR_CONNECTION_REFUSED @ http://localhost:3001/api/publish/jobs:0
[ 1254192ms] [WARNING] The resource http://localhost:3001/_next/image?url=%2Fagentcore-logo.png&w=3840&q=75 was preloaded using link preload but not used within a few seconds from the window's load event. Please make sure it has an appropriate `as` value and it is preloaded intentionally. @ http://localhost:3001/:0
[ 1259190ms] [ERROR] Failed to load resource: net::ERR_CONNECTION_REFUSED @ http://localhost:3001/api/publish/queue/run:0
[ 1259195ms] [ERROR] Failed to load resource: net::ERR_CONNECTION_REFUSED @ http://localhost:3001/api/publish/jobs:0
[ 1262197ms] [WARNING] The resource http://localhost:3001/_next/image?url=%2Fagentcore-logo.png&w=3840&q=75 was preloaded using link preload but not used within a few seconds from the window's load event. Please make sure it has an appropriate `as` value and it is preloaded intentionally. @ http://localhost:3001/:0
[ 1267188ms] [ERROR] Failed to load resource: net::ERR_CONNECTION_REFUSED @ http://localhost:3001/api/publish/queue/run:0
[ 1267189ms] [ERROR] Failed to load resource: net::ERR_CONNECTION_REFUSED @ http://localhost:3001/api/publish/jobs:0
[ 1270190ms] [WARNING] The resource http://localhost:3001/_next/image?url=%2Fagentcore-logo.png&w=3840&q=75 was preloaded using link preload but not used within a few seconds from the window's load event. Please make sure it has an appropriate `as` value and it is preloaded intentionally. @ http://localhost:3001/:0
[ 1275190ms] [ERROR] Failed to load resource: net::ERR_CONNECTION_REFUSED @ http://localhost:3001/api/publish/queue/run:0
[ 1275191ms] [ERROR] Failed to load resource: net::ERR_CONNECTION_REFUSED @ http://localhost:3001/api/publish/jobs:0
[ 1278192ms] [WARNING] The resource http://localhost:3001/_next/image?url=%2Fagentcore-logo.png&w=3840&q=75 was preloaded using link preload but not used within a few seconds from the window's load event. Please make sure it has an appropriate `as` value and it is preloaded intentionally. @ http://localhost:3001/:0
[ 1283189ms] [ERROR] Failed to load resource: net::ERR_CONNECTION_REFUSED @ http://localhost:3001/api/publish/queue/run:0
[ 1283190ms] [ERROR] Failed to load resource: net::ERR_CONNECTION_REFUSED @ http://localhost:3001/api/publish/jobs:0
[ 1286191ms] [WARNING] The resource http://localhost:3001/_next/image?url=%2Fagentcore-logo.png&w=3840&q=75 was preloaded using link preload but not used within a few seconds from the window's load event. Please make sure it has an appropriate `as` value and it is preloaded intentionally. @ http://localhost:3001/:0
[ 1291189ms] [ERROR] Failed to load resource: net::ERR_CONNECTION_REFUSED @ http://localhost:3001/api/publish/queue/run:0
[ 1291190ms] [ERROR] Failed to load resource: net::ERR_CONNECTION_REFUSED @ http://localhost:3001/api/publish/jobs:0
[ 1294190ms] [WARNING] The resource http://localhost:3001/_next/image?url=%2Fagentcore-logo.png&w=3840&q=75 was preloaded using link preload but not used within a few seconds from the window's load event. Please make sure it has an appropriate `as` value and it is preloaded intentionally. @ http://localhost:3001/:0
[ 1299190ms] [ERROR] Failed to load resource: net::ERR_CONNECTION_REFUSED @ http://localhost:3001/api/publish/queue/run:0
[ 1299191ms] [ERROR] Failed to load resource: net::ERR_CONNECTION_REFUSED @ http://localhost:3001/api/publish/jobs:0
[ 1302192ms] [WARNING] The resource http://localhost:3001/_next/image?url=%2Fagentcore-logo.png&w=3840&q=75 was preloaded using link preload but not used within a few seconds from the window's load event. Please make sure it has an appropriate `as` value and it is preloaded intentionally. @ http://localhost:3001/:0
[ 1307189ms] [ERROR] Failed to load resource: net::ERR_CONNECTION_REFUSED @ http://localhost:3001/api/publish/queue/run:0
[ 1307191ms] [ERROR] Failed to load resource: net::ERR_CONNECTION_REFUSED @ http://localhost:3001/api/publish/jobs:0
[ 1310191ms] [WARNING] The resource http://localhost:3001/_next/image?url=%2Fagentcore-logo.png&w=3840&q=75 was preloaded using link preload but not used within a few seconds from the window's load event. Please make sure it has an appropriate `as` value and it is preloaded intentionally. @ http://localhost:3001/:0
[ 1315189ms] [ERROR] Failed to load resource: net::ERR_CONNECTION_REFUSED @ http://localhost:3001/api/publish/queue/run:0
[ 1315190ms] [ERROR] Failed to load resource: net::ERR_CONNECTION_REFUSED @ http://localhost:3001/api/publish/jobs:0
[ 1318191ms] [WARNING] The resource http://localhost:3001/_next/image?url=%2Fagentcore-logo.png&w=3840&q=75 was preloaded using link preload but not used within a few seconds from the window's load event. Please make sure it has an appropriate `as` value and it is preloaded intentionally. @ http://localhost:3001/:0
[ 1323190ms] [ERROR] Failed to load resource: net::ERR_CONNECTION_REFUSED @ http://localhost:3001/api/publish/queue/run:0
[ 1323191ms] [ERROR] Failed to load resource: net::ERR_CONNECTION_REFUSED @ http://localhost:3001/api/publish/jobs:0
[ 1326191ms] [WARNING] The resource http://localhost:3001/_next/image?url=%2Fagentcore-logo.png&w=3840&q=75 was preloaded using link preload but not used within a few seconds from the window's load event. Please make sure it has an appropriate `as` value and it is preloaded intentionally. @ http://localhost:3001/:0
[ 1331189ms] [ERROR] Failed to load resource: net::ERR_CONNECTION_REFUSED @ http://localhost:3001/api/publish/queue/run:0
[ 1331190ms] [ERROR] Failed to load resource: net::ERR_CONNECTION_REFUSED @ http://localhost:3001/api/publish/jobs:0
[ 1334191ms] [WARNING] The resource http://localhost:3001/_next/image?url=%2Fagentcore-logo.png&w=3840&q=75 was preloaded using link preload but not used within a few seconds from the window's load event. Please make sure it has an appropriate `as` value and it is preloaded intentionally. @ http://localhost:3001/:0
[ 1339189ms] [ERROR] Failed to load resource: net::ERR_CONNECTION_REFUSED @ http://localhost:3001/api/publish/queue/run:0
[ 1339191ms] [ERROR] Failed to load resource: net::ERR_CONNECTION_REFUSED @ http://localhost:3001/api/publish/jobs:0
[ 1342192ms] [WARNING] The resource http://localhost:3001/_next/image?url=%2Fagentcore-logo.png&w=3840&q=75 was preloaded using link preload but not used within a few seconds from the window's load event. Please make sure it has an appropriate `as` value and it is preloaded intentionally. @ http://localhost:3001/:0
[ 1347189ms] [ERROR] Failed to load resource: net::ERR_CONNECTION_REFUSED @ http://localhost:3001/api/publish/queue/run:0
[ 1347190ms] [ERROR] Failed to load resource: net::ERR_CONNECTION_REFUSED @ http://localhost:3001/api/publish/jobs:0
[ 1350191ms] [WARNING] The resource http://localhost:3001/_next/image?url=%2Fagentcore-logo.png&w=3840&q=75 was preloaded using link preload but not used within a few seconds from the window's load event. Please make sure it has an appropriate `as` value and it is preloaded intentionally. @ http://localhost:3001/:0
[ 1355189ms] [ERROR] Failed to load resource: net::ERR_CONNECTION_REFUSED @ http://localhost:3001/api/publish/queue/run:0
[ 1355191ms] [ERROR] Failed to load resource: net::ERR_CONNECTION_REFUSED @ http://localhost:3001/api/publish/jobs:0
[ 1358191ms] [WARNING] The resource http://localhost:3001/_next/image?url=%2Fagentcore-logo.png&w=3840&q=75 was preloaded using link preload but not used within a few seconds from the window's load event. Please make sure it has an appropriate `as` value and it is preloaded intentionally. @ http://localhost:3001/:0
[ 1363190ms] [ERROR] Failed to load resource: net::ERR_CONNECTION_REFUSED @ http://localhost:3001/api/publish/queue/run:0
[ 1363191ms] [ERROR] Failed to load resource: net::ERR_CONNECTION_REFUSED @ http://localhost:3001/api/publish/jobs:0
[ 1366191ms] [WARNING] The resource http://localhost:3001/_next/image?url=%2Fagentcore-logo.png&w=3840&q=75 was preloaded using link preload but not used within a few seconds from the window's load event. Please make sure it has an appropriate `as` value and it is preloaded intentionally. @ http://localhost:3001/:0
[ 1371189ms] [ERROR] Failed to load resource: net::ERR_CONNECTION_REFUSED @ http://localhost:3001/api/publish/queue/run:0
[ 1371191ms] [ERROR] Failed to load resource: net::ERR_CONNECTION_REFUSED @ http://localhost:3001/api/publish/jobs:0
[ 1374192ms] [WARNING] The resource http://localhost:3001/_next/image?url=%2Fagentcore-logo.png&w=3840&q=75 was preloaded using link preload but not used within a few seconds from the window's load event. Please make sure it has an appropriate `as` value and it is preloaded intentionally. @ http://localhost:3001/:0
[ 1379189ms] [ERROR] Failed to load resource: net::ERR_CONNECTION_REFUSED @ http://localhost:3001/api/publish/queue/run:0
[ 1379189ms] [ERROR] Failed to load resource: net::ERR_CONNECTION_REFUSED @ http://localhost:3001/api/publish/jobs:0
[ 1382190ms] [WARNING] The resource http://localhost:3001/_next/image?url=%2Fagentcore-logo.png&w=3840&q=75 was preloaded using link preload but not used within a few seconds from the window's load event. Please make sure it has an appropriate `as` value and it is preloaded intentionally. @ http://localhost:3001/:0
[ 1387190ms] [ERROR] Failed to load resource: net::ERR_CONNECTION_REFUSED @ http://localhost:3001/api/publish/queue/run:0
[ 1387191ms] [ERROR] Failed to load resource: net::ERR_CONNECTION_REFUSED @ http://localhost:3001/api/publish/jobs:0
[ 1390191ms] [WARNING] The resource http://localhost:3001/_next/image?url=%2Fagentcore-logo.png&w=3840&q=75 was preloaded using link preload but not used within a few seconds from the window's load event. Please make sure it has an appropriate `as` value and it is preloaded intentionally. @ http://localhost:3001/:0
[ 1395189ms] [ERROR] Failed to load resource: net::ERR_CONNECTION_REFUSED @ http://localhost:3001/api/publish/queue/run:0
[ 1395190ms] [ERROR] Failed to load resource: net::ERR_CONNECTION_REFUSED @ http://localhost:3001/api/publish/jobs:0
[ 1398191ms] [WARNING] The resource http://localhost:3001/_next/image?url=%2Fagentcore-logo.png&w=3840&q=75 was preloaded using link preload but not used within a few seconds from the window's load event. Please make sure it has an appropriate `as` value and it is preloaded intentionally. @ http://localhost:3001/:0
[ 1403189ms] [ERROR] Failed to load resource: net::ERR_CONNECTION_REFUSED @ http://localhost:3001/api/publish/queue/run:0
[ 1403191ms] [ERROR] Failed to load resource: net::ERR_CONNECTION_REFUSED @ http://localhost:3001/api/publish/jobs:0
[ 1406191ms] [WARNING] The resource http://localhost:3001/_next/image?url=%2Fagentcore-logo.png&w=3840&q=75 was preloaded using link preload but not used within a few seconds from the window's load event. Please make sure it has an appropriate `as` value and it is preloaded intentionally. @ http://localhost:3001/:0
[ 1411188ms] [ERROR] Failed to load resource: net::ERR_CONNECTION_REFUSED @ http://localhost:3001/api/publish/queue/run:0
[ 1411188ms] [ERROR] Failed to load resource: net::ERR_CONNECTION_REFUSED @ http://localhost:3001/api/publish/jobs:0
[ 1414190ms] [WARNING] The resource http://localhost:3001/_next/image?url=%2Fagentcore-logo.png&w=3840&q=75 was preloaded using link preload but not used within a few seconds from the window's load event. Please make sure it has an appropriate `as` value and it is preloaded intentionally. @ http://localhost:3001/:0
[ 1419190ms] [ERROR] Failed to load resource: net::ERR_CONNECTION_REFUSED @ http://localhost:3001/api/publish/queue/run:0
[ 1419196ms] [ERROR] Failed to load resource: net::ERR_CONNECTION_REFUSED @ http://localhost:3001/api/publish/jobs:0
[ 1422198ms] [WARNING] The resource http://localhost:3001/_next/image?url=%2Fagentcore-logo.png&w=3840&q=75 was preloaded using link preload but not used within a few seconds from the window's load event. Please make sure it has an appropriate `as` value and it is preloaded intentionally. @ http://localhost:3001/:0
[ 1427189ms] [ERROR] Failed to load resource: net::ERR_CONNECTION_REFUSED @ http://localhost:3001/api/publish/queue/run:0
[ 1427191ms] [ERROR] Failed to load resource: net::ERR_CONNECTION_REFUSED @ http://localhost:3001/api/publish/jobs:0
[ 1430192ms] [WARNING] The resource http://localhost:3001/_next/image?url=%2Fagentcore-logo.png&w=3840&q=75 was preloaded using link preload but not used within a few seconds from the window's load event. Please make sure it has an appropriate `as` value and it is preloaded intentionally. @ http://localhost:3001/:0
[ 1435190ms] [ERROR] Failed to load resource: net::ERR_CONNECTION_REFUSED @ http://localhost:3001/api/publish/queue/run:0
[ 1435191ms] [ERROR] Failed to load resource: net::ERR_CONNECTION_REFUSED @ http://localhost:3001/api/publish/jobs:0
[ 1438192ms] [WARNING] The resource http://localhost:3001/_next/image?url=%2Fagentcore-logo.png&w=3840&q=75 was preloaded using link preload but not used within a few seconds from the window's load event. Please make sure it has an appropriate `as` value and it is preloaded intentionally. @ http://localhost:3001/:0
[ 1443190ms] [ERROR] Failed to load resource: net::ERR_CONNECTION_REFUSED @ http://localhost:3001/api/publish/queue/run:0
[ 1443191ms] [ERROR] Failed to load resource: net::ERR_CONNECTION_REFUSED @ http://localhost:3001/api/publish/jobs:0
[ 1446192ms] [WARNING] The resource http://localhost:3001/_next/image?url=%2Fagentcore-logo.png&w=3840&q=75 was preloaded using link preload but not used within a few seconds from the window's load event. Please make sure it has an appropriate `as` value and it is preloaded intentionally. @ http://localhost:3001/:0
[ 1451188ms] [ERROR] Failed to load resource: net::ERR_CONNECTION_REFUSED @ http://localhost:3001/api/publish/queue/run:0
[ 1451189ms] [ERROR] Failed to load resource: net::ERR_CONNECTION_REFUSED @ http://localhost:3001/api/publish/jobs:0
[ 1454190ms] [WARNING] The resource http://localhost:3001/_next/image?url=%2Fagentcore-logo.png&w=3840&q=75 was preloaded using link preload but not used within a few seconds from the window's load event. Please make sure it has an appropriate `as` value and it is preloaded intentionally. @ http://localhost:3001/:0
[ 1459189ms] [ERROR] Failed to load resource: net::ERR_CONNECTION_REFUSED @ http://localhost:3001/api/publish/queue/run:0
[ 1459190ms] [ERROR] Failed to load resource: net::ERR_CONNECTION_REFUSED @ http://localhost:3001/api/publish/jobs:0
[ 1462191ms] [WARNING] The resource http://localhost:3001/_next/image?url=%2Fagentcore-logo.png&w=3840&q=75 was preloaded using link preload but not used within a few seconds from the window's load event. Please make sure it has an appropriate `as` value and it is preloaded intentionally. @ http://localhost:3001/:0
[ 1467190ms] [ERROR] Failed to load resource: net::ERR_CONNECTION_REFUSED @ http://localhost:3001/api/publish/queue/run:0
[ 1467192ms] [ERROR] Failed to load resource: net::ERR_CONNECTION_REFUSED @ http://localhost:3001/api/publish/jobs:0
[ 1470193ms] [WARNING] The resource http://localhost:3001/_next/image?url=%2Fagentcore-logo.png&w=3840&q=75 was preloaded using link preload but not used within a few seconds from the window's load event. Please make sure it has an appropriate `as` value and it is preloaded intentionally. @ http://localhost:3001/:0
[ 1475189ms] [ERROR] Failed to load resource: net::ERR_CONNECTION_REFUSED @ http://localhost:3001/api/publish/queue/run:0
[ 1475191ms] [ERROR] Failed to load resource: net::ERR_CONNECTION_REFUSED @ http://localhost:3001/api/publish/jobs:0
[ 1478192ms] [WARNING] The resource http://localhost:3001/_next/image?url=%2Fagentcore-logo.png&w=3840&q=75 was preloaded using link preload but not used within a few seconds from the window's load event. Please make sure it has an appropriate `as` value and it is preloaded intentionally. @ http://localhost:3001/:0
[ 1483189ms] [ERROR] Failed to load resource: net::ERR_CONNECTION_REFUSED @ http://localhost:3001/api/publish/queue/run:0
[ 1483191ms] [ERROR] Failed to load resource: net::ERR_CONNECTION_REFUSED @ http://localhost:3001/api/publish/jobs:0
[ 1486192ms] [WARNING] The resource http://localhost:3001/_next/image?url=%2Fagentcore-logo.png&w=3840&q=75 was preloaded using link preload but not used within a few seconds from the window's load event. Please make sure it has an appropriate `as` value and it is preloaded intentionally. @ http://localhost:3001/:0
[ 1491190ms] [ERROR] Failed to load resource: net::ERR_CONNECTION_REFUSED @ http://localhost:3001/api/publish/queue/run:0
[ 1491191ms] [ERROR] Failed to load resource: net::ERR_CONNECTION_REFUSED @ http://localhost:3001/api/publish/jobs:0
[ 1494192ms] [WARNING] The resource http://localhost:3001/_next/image?url=%2Fagentcore-logo.png&w=3840&q=75 was preloaded using link preload but not used within a few seconds from the window's load event. Please make sure it has an appropriate `as` value and it is preloaded intentionally. @ http://localhost:3001/:0
[ 1499190ms] [ERROR] Failed to load resource: net::ERR_CONNECTION_REFUSED @ http://localhost:3001/api/publish/queue/run:0
[ 1499197ms] [ERROR] Failed to load resource: net::ERR_CONNECTION_REFUSED @ http://localhost:3001/api/publish/jobs:0
[ 1502198ms] [WARNING] The resource http://localhost:3001/_next/image?url=%2Fagentcore-logo.png&w=3840&q=75 was preloaded using link preload but not used within a few seconds from the window's load event. Please make sure it has an appropriate `as` value and it is preloaded intentionally. @ http://localhost:3001/:0
[ 1507190ms] [ERROR] Failed to load resource: net::ERR_CONNECTION_REFUSED @ http://localhost:3001/api/publish/queue/run:0
[ 1507190ms] [ERROR] Failed to load resource: net::ERR_CONNECTION_REFUSED @ http://localhost:3001/api/publish/jobs:0
[ 1510191ms] [WARNING] The resource http://localhost:3001/_next/image?url=%2Fagentcore-logo.png&w=3840&q=75 was preloaded using link preload but not used within a few seconds from the window's load event. Please make sure it has an appropriate `as` value and it is preloaded intentionally. @ http://localhost:3001/:0
[ 1515188ms] [ERROR] Failed to load resource: net::ERR_CONNECTION_REFUSED @ http://localhost:3001/api/publish/queue/run:0
[ 1515189ms] [ERROR] Failed to load resource: net::ERR_CONNECTION_REFUSED @ http://localhost:3001/api/publish/jobs:0
[ 1518190ms] [WARNING] The resource http://localhost:3001/_next/image?url=%2Fagentcore-logo.png&w=3840&q=75 was preloaded using link preload but not used within a few seconds from the window's load event. Please make sure it has an appropriate `as` value and it is preloaded intentionally. @ http://localhost:3001/:0
[ 1523190ms] [ERROR] Failed to load resource: net::ERR_CONNECTION_REFUSED @ http://localhost:3001/api/publish/queue/run:0
[ 1523191ms] [ERROR] Failed to load resource: net::ERR_CONNECTION_REFUSED @ http://localhost:3001/api/publish/jobs:0
[ 1526193ms] [WARNING] The resource http://localhost:3001/_next/image?url=%2Fagentcore-logo.png&w=3840&q=75 was preloaded using link preload but not used within a few seconds from the window's load event. Please make sure it has an appropriate `as` value and it is preloaded intentionally. @ http://localhost:3001/:0
[ 1531189ms] [ERROR] Failed to load resource: net::ERR_CONNECTION_REFUSED @ http://localhost:3001/api/publish/queue/run:0
[ 1531190ms] [ERROR] Failed to load resource: net::ERR_CONNECTION_REFUSED @ http://localhost:3001/api/publish/jobs:0
[ 1534191ms] [WARNING] The resource http://localhost:3001/_next/image?url=%2Fagentcore-logo.png&w=3840&q=75 was preloaded using link preload but not used within a few seconds from the window's load event. Please make sure it has an appropriate `as` value and it is preloaded intentionally. @ http://localhost:3001/:0
[ 1539189ms] [ERROR] Failed to load resource: net::ERR_CONNECTION_REFUSED @ http://localhost:3001/api/publish/queue/run:0
[ 1539191ms] [ERROR] Failed to load resource: net::ERR_CONNECTION_REFUSED @ http://localhost:3001/api/publish/jobs:0
[ 1542192ms] [WARNING] The resource http://localhost:3001/_next/image?url=%2Fagentcore-logo.png&w=3840&q=75 was preloaded using link preload but not used within a few seconds from the window's load event. Please make sure it has an appropriate `as` value and it is preloaded intentionally. @ http://localhost:3001/:0
[ 1547189ms] [ERROR] Failed to load resource: net::ERR_CONNECTION_REFUSED @ http://localhost:3001/api/publish/queue/run:0
[ 1547190ms] [ERROR] Failed to load resource: net::ERR_CONNECTION_REFUSED @ http://localhost:3001/api/publish/jobs:0
[ 1550190ms] [WARNING] The resource http://localhost:3001/_next/image?url=%2Fagentcore-logo.png&w=3840&q=75 was preloaded using link preload but not used within a few seconds from the window's load event. Please make sure it has an appropriate `as` value and it is preloaded intentionally. @ http://localhost:3001/:0
[ 1555188ms] [ERROR] Failed to load resource: net::ERR_CONNECTION_REFUSED @ http://localhost:3001/api/publish/queue/run:0
[ 1555189ms] [ERROR] Failed to load resource: net::ERR_CONNECTION_REFUSED @ http://localhost:3001/api/publish/jobs:0
[ 1558190ms] [WARNING] The resource http://localhost:3001/_next/image?url=%2Fagentcore-logo.png&w=3840&q=75 was preloaded using link preload but not used within a few seconds from the window's load event. Please make sure it has an appropriate `as` value and it is preloaded intentionally. @ http://localhost:3001/:0
[ 1563188ms] [ERROR] Failed to load resource: net::ERR_CONNECTION_REFUSED @ http://localhost:3001/api/publish/queue/run:0
[ 1563188ms] [ERROR] Failed to load resource: net::ERR_CONNECTION_REFUSED @ http://localhost:3001/api/publish/jobs:0
[ 1566190ms] [WARNING] The resource http://localhost:3001/_next/image?url=%2Fagentcore-logo.png&w=3840&q=75 was preloaded using link preload but not used within a few seconds from the window's load event. Please make sure it has an appropriate `as` value and it is preloaded intentionally. @ http://localhost:3001/:0
[ 1571188ms] [ERROR] Failed to load resource: net::ERR_CONNECTION_REFUSED @ http://localhost:3001/api/publish/queue/run:0
[ 1571189ms] [ERROR] Failed to load resource: net::ERR_CONNECTION_REFUSED @ http://localhost:3001/api/publish/jobs:0
[ 1574190ms] [WARNING] The resource http://localhost:3001/_next/image?url=%2Fagentcore-logo.png&w=3840&q=75 was preloaded using link preload but not used within a few seconds from the window's load event. Please make sure it has an appropriate `as` value and it is preloaded intentionally. @ http://localhost:3001/:0
[ 1579189ms] [ERROR] Failed to load resource: net::ERR_CONNECTION_REFUSED @ http://localhost:3001/api/publish/queue/run:0
[ 1579190ms] [ERROR] Failed to load resource: net::ERR_CONNECTION_REFUSED @ http://localhost:3001/api/publish/jobs:0
[ 1582190ms] [WARNING] The resource http://localhost:3001/_next/image?url=%2Fagentcore-logo.png&w=3840&q=75 was preloaded using link preload but not used within a few seconds from the window's load event. Please make sure it has an appropriate `as` value and it is preloaded intentionally. @ http://localhost:3001/:0
[ 1587188ms] [ERROR] Failed to load resource: net::ERR_CONNECTION_REFUSED @ http://localhost:3001/api/publish/queue/run:0
[ 1587189ms] [ERROR] Failed to load resource: net::ERR_CONNECTION_REFUSED @ http://localhost:3001/api/publish/jobs:0
[ 1590189ms] [WARNING] The resource http://localhost:3001/_next/image?url=%2Fagentcore-logo.png&w=3840&q=75 was preloaded using link preload but not used within a few seconds from the window's load event. Please make sure it has an appropriate `as` value and it is preloaded intentionally. @ http://localhost:3001/:0
[ 1595189ms] [ERROR] Failed to load resource: net::ERR_CONNECTION_REFUSED @ http://localhost:3001/api/publish/queue/run:0
[ 1595191ms] [ERROR] Failed to load resource: net::ERR_CONNECTION_REFUSED @ http://localhost:3001/api/publish/jobs:0
[ 1598191ms] [WARNING] The resource http://localhost:3001/_next/image?url=%2Fagentcore-logo.png&w=3840&q=75 was preloaded using link preload but not used within a few seconds from the window's load event. Please make sure it has an appropriate `as` value and it is preloaded intentionally. @ http://localhost:3001/:0
[ 1603189ms] [ERROR] Failed to load resource: net::ERR_CONNECTION_REFUSED @ http://localhost:3001/api/publish/queue/run:0
[ 1603190ms] [ERROR] Failed to load resource: net::ERR_CONNECTION_REFUSED @ http://localhost:3001/api/publish/jobs:0
[ 1606191ms] [WARNING] The resource http://localhost:3001/_next/image?url=%2Fagentcore-logo.png&w=3840&q=75 was preloaded using link preload but not used within a few seconds from the window's load event. Please make sure it has an appropriate `as` value and it is preloaded intentionally. @ http://localhost:3001/:0
[ 1611190ms] [ERROR] Failed to load resource: net::ERR_CONNECTION_REFUSED @ http://localhost:3001/api/publish/queue/run:0
[ 1611191ms] [ERROR] Failed to load resource: net::ERR_CONNECTION_REFUSED @ http://localhost:3001/api/publish/jobs:0
[ 1614193ms] [WARNING] The resource http://localhost:3001/_next/image?url=%2Fagentcore-logo.png&w=3840&q=75 was preloaded using link preload but not used within a few seconds from the window's load event. Please make sure it has an appropriate `as` value and it is preloaded intentionally. @ http://localhost:3001/:0
[ 1619189ms] [ERROR] Failed to load resource: net::ERR_CONNECTION_REFUSED @ http://localhost:3001/api/publish/queue/run:0
[ 1619191ms] [ERROR] Failed to load resource: net::ERR_CONNECTION_REFUSED @ http://localhost:3001/api/publish/jobs:0
[ 1622192ms] [WARNING] The resource http://localhost:3001/_next/image?url=%2Fagentcore-logo.png&w=3840&q=75 was preloaded using link preload but not used within a few seconds from the window's load event. Please make sure it has an appropriate `as` value and it is preloaded intentionally. @ http://localhost:3001/:0
[ 1627190ms] [ERROR] Failed to load resource: net::ERR_CONNECTION_REFUSED @ http://localhost:3001/api/publish/queue/run:0
[ 1627191ms] [ERROR] Failed to load resource: net::ERR_CONNECTION_REFUSED @ http://localhost:3001/api/publish/jobs:0
[ 1630192ms] [WARNING] The resource http://localhost:3001/_next/image?url=%2Fagentcore-logo.png&w=3840&q=75 was preloaded using link preload but not used within a few seconds from the window's load event. Please make sure it has an appropriate `as` value and it is preloaded intentionally. @ http://localhost:3001/:0
[ 1635190ms] [ERROR] Failed to load resource: net::ERR_CONNECTION_REFUSED @ http://localhost:3001/api/publish/queue/run:0
[ 1635191ms] [ERROR] Failed to load resource: net::ERR_CONNECTION_REFUSED @ http://localhost:3001/api/publish/jobs:0
[ 1638192ms] [WARNING] The resource http://localhost:3001/_next/image?url=%2Fagentcore-logo.png&w=3840&q=75 was preloaded using link preload but not used within a few seconds from the window's load event. Please make sure it has an appropriate `as` value and it is preloaded intentionally. @ http://localhost:3001/:0
[ 1643189ms] [ERROR] Failed to load resource: net::ERR_CONNECTION_REFUSED @ http://localhost:3001/api/publish/queue/run:0
[ 1643190ms] [ERROR] Failed to load resource: net::ERR_CONNECTION_REFUSED @ http://localhost:3001/api/publish/jobs:0
[ 1646191ms] [WARNING] The resource http://localhost:3001/_next/image?url=%2Fagentcore-logo.png&w=3840&q=75 was preloaded using link preload but not used within a few seconds from the window's load event. Please make sure it has an appropriate `as` value and it is preloaded intentionally. @ http://localhost:3001/:0
[ 1651190ms] [ERROR] Failed to load resource: net::ERR_CONNECTION_REFUSED @ http://localhost:3001/api/publish/queue/run:0
[ 1651191ms] [ERROR] Failed to load resource: net::ERR_CONNECTION_REFUSED @ http://localhost:3001/api/publish/jobs:0
[ 1654192ms] [WARNING] The resource http://localhost:3001/_next/image?url=%2Fagentcore-logo.png&w=3840&q=75 was preloaded using link preload but not used within a few seconds from the window's load event. Please make sure it has an appropriate `as` value and it is preloaded intentionally. @ http://localhost:3001/:0
[ 1659188ms] [ERROR] Failed to load resource: net::ERR_CONNECTION_REFUSED @ http://localhost:3001/api/publish/queue/run:0
[ 1659189ms] [ERROR] Failed to load resource: net::ERR_CONNECTION_REFUSED @ http://localhost:3001/api/publish/jobs:0
[ 1662190ms] [WARNING] The resource http://localhost:3001/_next/image?url=%2Fagentcore-logo.png&w=3840&q=75 was preloaded using link preload but not used within a few seconds from the window's load event. Please make sure it has an appropriate `as` value and it is preloaded intentionally. @ http://localhost:3001/:0
[ 1667190ms] [ERROR] Failed to load resource: net::ERR_CONNECTION_REFUSED @ http://localhost:3001/api/publish/queue/run:0
[ 1667191ms] [ERROR] Failed to load resource: net::ERR_CONNECTION_REFUSED @ http://localhost:3001/api/publish/jobs:0
[ 1670192ms] [WARNING] The resource http://localhost:3001/_next/image?url=%2Fagentcore-logo.png&w=3840&q=75 was preloaded using link preload but not used within a few seconds from the window's load event. Please make sure it has an appropriate `as` value and it is preloaded intentionally. @ http://localhost:3001/:0
[ 1675189ms] [ERROR] Failed to load resource: net::ERR_CONNECTION_REFUSED @ http://localhost:3001/api/publish/queue/run:0
[ 1675191ms] [ERROR] Failed to load resource: net::ERR_CONNECTION_REFUSED @ http://localhost:3001/api/publish/jobs:0
[ 1678191ms] [WARNING] The resource http://localhost:3001/_next/image?url=%2Fagentcore-logo.png&w=3840&q=75 was preloaded using link preload but not used within a few seconds from the window's load event. Please make sure it has an appropriate `as` value and it is preloaded intentionally. @ http://localhost:3001/:0
[ 1683189ms] [ERROR] Failed to load resource: net::ERR_CONNECTION_REFUSED @ http://localhost:3001/api/publish/queue/run:0
[ 1683190ms] [ERROR] Failed to load resource: net::ERR_CONNECTION_REFUSED @ http://localhost:3001/api/publish/jobs:0
[ 1686191ms] [WARNING] The resource http://localhost:3001/_next/image?url=%2Fagentcore-logo.png&w=3840&q=75 was preloaded using link preload but not used within a few seconds from the window's load event. Please make sure it has an appropriate `as` value and it is preloaded intentionally. @ http://localhost:3001/:0
[ 1691189ms] [ERROR] Failed to load resource: net::ERR_CONNECTION_REFUSED @ http://localhost:3001/api/publish/queue/run:0
[ 1691191ms] [ERROR] Failed to load resource: net::ERR_CONNECTION_REFUSED @ http://localhost:3001/api/publish/jobs:0
[ 1694192ms] [WARNING] The resource http://localhost:3001/_next/image?url=%2Fagentcore-logo.png&w=3840&q=75 was preloaded using link preload but not used within a few seconds from the window's load event. Please make sure it has an appropriate `as` value and it is preloaded intentionally. @ http://localhost:3001/:0
[ 1699189ms] [ERROR] Failed to load resource: net::ERR_CONNECTION_REFUSED @ http://localhost:3001/api/publish/queue/run:0
[ 1699191ms] [ERROR] Failed to load resource: net::ERR_CONNECTION_REFUSED @ http://localhost:3001/api/publish/jobs:0
[ 1702192ms] [WARNING] The resource http://localhost:3001/_next/image?url=%2Fagentcore-logo.png&w=3840&q=75 was preloaded using link preload but not used within a few seconds from the window's load event. Please make sure it has an appropriate `as` value and it is preloaded intentionally. @ http://localhost:3001/:0
[ 1707190ms] [ERROR] Failed to load resource: net::ERR_CONNECTION_REFUSED @ http://localhost:3001/api/publish/queue/run:0
[ 1707191ms] [ERROR] Failed to load resource: net::ERR_CONNECTION_REFUSED @ http://localhost:3001/api/publish/jobs:0
[ 1710192ms] [WARNING] The resource http://localhost:3001/_next/image?url=%2Fagentcore-logo.png&w=3840&q=75 was preloaded using link preload but not used within a few seconds from the window's load event. Please make sure it has an appropriate `as` value and it is preloaded intentionally. @ http://localhost:3001/:0
[ 1715189ms] [ERROR] Failed to load resource: net::ERR_CONNECTION_REFUSED @ http://localhost:3001/api/publish/queue/run:0
[ 1715191ms] [ERROR] Failed to load resource: net::ERR_CONNECTION_REFUSED @ http://localhost:3001/api/publish/jobs:0
[ 1718192ms] [WARNING] The resource http://localhost:3001/_next/image?url=%2Fagentcore-logo.png&w=3840&q=75 was preloaded using link preload but not used within a few seconds from the window's load event. Please make sure it has an appropriate `as` value and it is preloaded intentionally. @ http://localhost:3001/:0
[ 1723190ms] [ERROR] Failed to load resource: net::ERR_CONNECTION_REFUSED @ http://localhost:3001/api/publish/queue/run:0
[ 1723191ms] [ERROR] Failed to load resource: net::ERR_CONNECTION_REFUSED @ http://localhost:3001/api/publish/jobs:0
[ 1726192ms] [WARNING] The resource http://localhost:3001/_next/image?url=%2Fagentcore-logo.png&w=3840&q=75 was preloaded using link preload but not used within a few seconds from the window's load event. Please make sure it has an appropriate `as` value and it is preloaded intentionally. @ http://localhost:3001/:0
[ 1731189ms] [ERROR] Failed to load resource: net::ERR_CONNECTION_REFUSED @ http://localhost:3001/api/publish/queue/run:0
[ 1731191ms] [ERROR] Failed to load resource: net::ERR_CONNECTION_REFUSED @ http://localhost:3001/api/publish/jobs:0
[ 1734191ms] [WARNING] The resource http://localhost:3001/_next/image?url=%2Fagentcore-logo.png&w=3840&q=75 was preloaded using link preload but not used within a few seconds from the window's load event. Please make sure it has an appropriate `as` value and it is preloaded intentionally. @ http://localhost:3001/:0
[ 1739188ms] [ERROR] Failed to load resource: net::ERR_CONNECTION_REFUSED @ http://localhost:3001/api/publish/queue/run:0
[ 1739188ms] [ERROR] Failed to load resource: net::ERR_CONNECTION_REFUSED @ http://localhost:3001/api/publish/jobs:0
[ 1742190ms] [WARNING] The resource http://localhost:3001/_next/image?url=%2Fagentcore-logo.png&w=3840&q=75 was preloaded using link preload but not used within a few seconds from the window's load event. Please make sure it has an appropriate `as` value and it is preloaded intentionally. @ http://localhost:3001/:0
[ 1747190ms] [ERROR] Failed to load resource: net::ERR_CONNECTION_REFUSED @ http://localhost:3001/api/publish/queue/run:0
[ 1747191ms] [ERROR] Failed to load resource: net::ERR_CONNECTION_REFUSED @ http://localhost:3001/api/publish/jobs:0
[ 1750191ms] [WARNING] The resource http://localhost:3001/_next/image?url=%2Fagentcore-logo.png&w=3840&q=75 was preloaded using link preload but not used within a few seconds from the window's load event. Please make sure it has an appropriate `as` value and it is preloaded intentionally. @ http://localhost:3001/:0
[ 1755188ms] [ERROR] Failed to load resource: net::ERR_CONNECTION_REFUSED @ http://localhost:3001/api/publish/queue/run:0
[ 1755188ms] [ERROR] Failed to load resource: net::ERR_CONNECTION_REFUSED @ http://localhost:3001/api/publish/jobs:0
[ 1758190ms] [WARNING] The resource http://localhost:3001/_next/image?url=%2Fagentcore-logo.png&w=3840&q=75 was preloaded using link preload but not used within a few seconds from the window's load event. Please make sure it has an appropriate `as` value and it is preloaded intentionally. @ http://localhost:3001/:0
[ 1763189ms] [ERROR] Failed to load resource: net::ERR_CONNECTION_REFUSED @ http://localhost:3001/api/publish/queue/run:0
[ 1763191ms] [ERROR] Failed to load resource: net::ERR_CONNECTION_REFUSED @ http://localhost:3001/api/publish/jobs:0
[ 1766191ms] [WARNING] The resource http://localhost:3001/_next/image?url=%2Fagentcore-logo.png&w=3840&q=75 was preloaded using link preload but not used within a few seconds from the window's load event. Please make sure it has an appropriate `as` value and it is preloaded intentionally. @ http://localhost:3001/:0
[ 1771190ms] [ERROR] Failed to load resource: net::ERR_CONNECTION_REFUSED @ http://localhost:3001/api/publish/queue/run:0
[ 1771191ms] [ERROR] Failed to load resource: net::ERR_CONNECTION_REFUSED @ http://localhost:3001/api/publish/jobs:0
[ 1774191ms] [WARNING] The resource http://localhost:3001/_next/image?url=%2Fagentcore-logo.png&w=3840&q=75 was preloaded using link preload but not used within a few seconds from the window's load event. Please make sure it has an appropriate `as` value and it is preloaded intentionally. @ http://localhost:3001/:0
[ 1779190ms] [ERROR] Failed to load resource: net::ERR_CONNECTION_REFUSED @ http://localhost:3001/api/publish/queue/run:0
[ 1779191ms] [ERROR] Failed to load resource: net::ERR_CONNECTION_REFUSED @ http://localhost:3001/api/publish/jobs:0
[ 1782192ms] [WARNING] The resource http://localhost:3001/_next/image?url=%2Fagentcore-logo.png&w=3840&q=75 was preloaded using link preload but not used within a few seconds from the window's load event. Please make sure it has an appropriate `as` value and it is preloaded intentionally. @ http://localhost:3001/:0
[ 1787188ms] [ERROR] Failed to load resource: net::ERR_CONNECTION_REFUSED @ http://localhost:3001/api/publish/queue/run:0
[ 1787188ms] [ERROR] Failed to load resource: net::ERR_CONNECTION_REFUSED @ http://localhost:3001/api/publish/jobs:0
[ 1790189ms] [WARNING] The resource http://localhost:3001/_next/image?url=%2Fagentcore-logo.png&w=3840&q=75 was preloaded using link preload but not used within a few seconds from the window's load event. Please make sure it has an appropriate `as` value and it is preloaded intentionally. @ http://localhost:3001/:0
[ 1795189ms] [ERROR] Failed to load resource: net::ERR_CONNECTION_REFUSED @ http://localhost:3001/api/publish/queue/run:0
[ 1795190ms] [ERROR] Failed to load resource: net::ERR_CONNECTION_REFUSED @ http://localhost:3001/api/publish/jobs:0
[ 1798191ms] [WARNING] The resource http://localhost:3001/_next/image?url=%2Fagentcore-logo.png&w=3840&q=75 was preloaded using link preload but not used within a few seconds from the window's load event. Please make sure it has an appropriate `as` value and it is preloaded intentionally. @ http://localhost:3001/:0
[ 1803191ms] [ERROR] Failed to load resource: net::ERR_CONNECTION_REFUSED @ http://localhost:3001/api/publish/queue/run:0
[ 1803193ms] [ERROR] Failed to load resource: net::ERR_CONNECTION_REFUSED @ http://localhost:3001/api/publish/jobs:0
[ 1806193ms] [WARNING] The resource http://localhost:3001/_next/image?url=%2Fagentcore-logo.png&w=3840&q=75 was preloaded using link preload but not used within a few seconds from the window's load event. Please make sure it has an appropriate `as` value and it is preloaded intentionally. @ http://localhost:3001/:0
[ 1811190ms] [ERROR] Failed to load resource: net::ERR_CONNECTION_REFUSED @ http://localhost:3001/api/publish/queue/run:0
[ 1811191ms] [ERROR] Failed to load resource: net::ERR_CONNECTION_REFUSED @ http://localhost:3001/api/publish/jobs:0
[ 1814192ms] [WARNING] The resource http://localhost:3001/_next/image?url=%2Fagentcore-logo.png&w=3840&q=75 was preloaded using link preload but not used within a few seconds from the window's load event. Please make sure it has an appropriate `as` value and it is preloaded intentionally. @ http://localhost:3001/:0
[ 1819190ms] [ERROR] Failed to load resource: net::ERR_CONNECTION_REFUSED @ http://localhost:3001/api/publish/queue/run:0
[ 1819192ms] [ERROR] Failed to load resource: net::ERR_CONNECTION_REFUSED @ http://localhost:3001/api/publish/jobs:0
[ 1822193ms] [WARNING] The resource http://localhost:3001/_next/image?url=%2Fagentcore-logo.png&w=3840&q=75 was preloaded using link preload but not used within a few seconds from the window's load event. Please make sure it has an appropriate `as` value and it is preloaded intentionally. @ http://localhost:3001/:0
[ 1827190ms] [ERROR] Failed to load resource: net::ERR_CONNECTION_REFUSED @ http://localhost:3001/api/publish/queue/run:0
[ 1827191ms] [ERROR] Failed to load resource: net::ERR_CONNECTION_REFUSED @ http://localhost:3001/api/publish/jobs:0
[ 1830192ms] [WARNING] The resource http://localhost:3001/_next/image?url=%2Fagentcore-logo.png&w=3840&q=75 was preloaded using link preload but not used within a few seconds from the window's load event. Please make sure it has an appropriate `as` value and it is preloaded intentionally. @ http://localhost:3001/:0
[ 1835190ms] [ERROR] Failed to load resource: net::ERR_CONNECTION_REFUSED @ http://localhost:3001/api/publish/queue/run:0
[ 1835191ms] [ERROR] Failed to load resource: net::ERR_CONNECTION_REFUSED @ http://localhost:3001/api/publish/jobs:0
[ 1838192ms] [WARNING] The resource http://localhost:3001/_next/image?url=%2Fagentcore-logo.png&w=3840&q=75 was preloaded using link preload but not used within a few seconds from the window's load event. Please make sure it has an appropriate `as` value and it is preloaded intentionally. @ http://localhost:3001/:0
[ 1843189ms] [ERROR] Failed to load resource: net::ERR_CONNECTION_REFUSED @ http://localhost:3001/api/publish/queue/run:0
[ 1843191ms] [ERROR] Failed to load resource: net::ERR_CONNECTION_REFUSED @ http://localhost:3001/api/publish/jobs:0
[ 1846191ms] [WARNING] The resource http://localhost:3001/_next/image?url=%2Fagentcore-logo.png&w=3840&q=75 was preloaded using link preload but not used within a few seconds from the window's load event. Please make sure it has an appropriate `as` value and it is preloaded intentionally. @ http://localhost:3001/:0
[ 1851189ms] [ERROR] Failed to load resource: net::ERR_CONNECTION_REFUSED @ http://localhost:3001/api/publish/queue/run:0
[ 1851194ms] [ERROR] Failed to load resource: net::ERR_CONNECTION_REFUSED @ http://localhost:3001/api/publish/jobs:0
[ 1854195ms] [WARNING] The resource http://localhost:3001/_next/image?url=%2Fagentcore-logo.png&w=3840&q=75 was preloaded using link preload but not used within a few seconds from the window's load event. Please make sure it has an appropriate `as` value and it is preloaded intentionally. @ http://localhost:3001/:0
[ 1859190ms] [ERROR] Failed to load resource: net::ERR_CONNECTION_REFUSED @ http://localhost:3001/api/publish/queue/run:0
[ 1859191ms] [ERROR] Failed to load resource: net::ERR_CONNECTION_REFUSED @ http://localhost:3001/api/publish/jobs:0
[ 1862192ms] [WARNING] The resource http://localhost:3001/_next/image?url=%2Fagentcore-logo.png&w=3840&q=75 was preloaded using link preload but not used within a few seconds from the window's load event. Please make sure it has an appropriate `as` value and it is preloaded intentionally. @ http://localhost:3001/:0
[ 1867189ms] [ERROR] Failed to load resource: net::ERR_CONNECTION_REFUSED @ http://localhost:3001/api/publish/queue/run:0
[ 1867189ms] [ERROR] Failed to load resource: net::ERR_CONNECTION_REFUSED @ http://localhost:3001/api/publish/jobs:0
[ 1870190ms] [WARNING] The resource http://localhost:3001/_next/image?url=%2Fagentcore-logo.png&w=3840&q=75 was preloaded using link preload but not used within a few seconds from the window's load event. Please make sure it has an appropriate `as` value and it is preloaded intentionally. @ http://localhost:3001/:0
[ 1875189ms] [ERROR] Failed to load resource: net::ERR_CONNECTION_REFUSED @ http://localhost:3001/api/publish/queue/run:0
[ 1875191ms] [ERROR] Failed to load resource: net::ERR_CONNECTION_REFUSED @ http://localhost:3001/api/publish/jobs:0
[ 1878191ms] [WARNING] The resource http://localhost:3001/_next/image?url=%2Fagentcore-logo.png&w=3840&q=75 was preloaded using link preload but not used within a few seconds from the window's load event. Please make sure it has an appropriate `as` value and it is preloaded intentionally. @ http://localhost:3001/:0
[ 1883190ms] [ERROR] Failed to load resource: net::ERR_CONNECTION_REFUSED @ http://localhost:3001/api/publish/queue/run:0
[ 1883191ms] [ERROR] Failed to load resource: net::ERR_CONNECTION_REFUSED @ http://localhost:3001/api/publish/jobs:0
[ 1886191ms] [WARNING] The resource http://localhost:3001/_next/image?url=%2Fagentcore-logo.png&w=3840&q=75 was preloaded using link preload but not used within a few seconds from the window's load event. Please make sure it has an appropriate `as` value and it is preloaded intentionally. @ http://localhost:3001/:0
[ 1894940ms] [WARNING] The resource http://localhost:3001/_next/image?url=%2Fagentcore-logo.png&w=3840&q=75 was preloaded using link preload but not used within a few seconds from the window's load event. Please make sure it has an appropriate `as` value and it is preloaded intentionally. @ http://localhost:3001/:0
[ 1902219ms] [WARNING] The resource http://localhost:3001/_next/image?url=%2Fagentcore-logo.png&w=3840&q=75 was preloaded using link preload but not used within a few seconds from the window's load event. Please make sure it has an appropriate `as` value and it is preloaded intentionally. @ http://localhost:3001/:0
[ 1910202ms] [WARNING] The resource http://localhost:3001/_next/image?url=%2Fagentcore-logo.png&w=3840&q=75 was preloaded using link preload but not used within a few seconds from the window's load event. Please make sure it has an appropriate `as` value and it is preloaded intentionally. @ http://localhost:3001/:0
[ 1918215ms] [WARNING] The resource http://localhost:3001/_next/image?url=%2Fagentcore-logo.png&w=3840&q=75 was preloaded using link preload but not used within a few seconds from the window's load event. Please make sure it has an appropriate `as` value and it is preloaded intentionally. @ http://localhost:3001/:0
[ 1926205ms] [WARNING] The resource http://localhost:3001/_next/image?url=%2Fagentcore-logo.png&w=3840&q=75 was preloaded using link preload but not used within a few seconds from the window's load event. Please make sure it has an appropriate `as` value and it is preloaded intentionally. @ http://localhost:3001/:0
[ 1934213ms] [WARNING] The resource http://localhost:3001/_next/image?url=%2Fagentcore-logo.png&w=3840&q=75 was preloaded using link preload but not used within a few seconds from the window's load event. Please make sure it has an appropriate `as` value and it is preloaded intentionally. @ http://localhost:3001/:0
[ 1942201ms] [WARNING] The resource http://localhost:3001/_next/image?url=%2Fagentcore-logo.png&w=3840&q=75 was preloaded using link preload but not used within a few seconds from the window's load event. Please make sure it has an appropriate `as` value and it is preloaded intentionally. @ http://localhost:3001/:0
[ 1950215ms] [WARNING] The resource http://localhost:3001/_next/image?url=%2Fagentcore-logo.png&w=3840&q=75 was preloaded using link preload but not used within a few seconds from the window's load event. Please make sure it has an appropriate `as` value and it is preloaded intentionally. @ http://localhost:3001/:0
[ 1958203ms] [WARNING] The resource http://localhost:3001/_next/image?url=%2Fagentcore-logo.png&w=3840&q=75 was preloaded using link preload but not used within a few seconds from the window's load event. Please make sure it has an appropriate `as` value and it is preloaded intentionally. @ http://localhost:3001/:0
